,,,,,,,,,
PN BRC,Fornitore,Descrizione,Misura,Serial Number,Tipo Prodotto,Quantità,Stato,Ubicazione,Prelievo
,4C MILLS,FRESA METALLO DURO D2.5 R0.2,D2.5,,FRESA,2,NUOVO,FRESA METALLI1,
,4C MILLS,FRESA METALLO DURO D1.5,D1.5,7001506,FRESA,1,NUOVO,FRESA METALLI1,
,4C MILLS,FRESA METALLO DURO D1.5X6X6X60,D1.5,7001506,FRESA,1,NUOVO,FRESA METALLI1,
,ARMOR,MASCHIO M16X2 HSSE,M16,3763A6A536,MASCHIO,1,USATO,MASCHI,
,B,MASCHIO AMERICANO 1/4  19TDHSS,1/4,15168113,MASCHIO,1,USATO,MASCHI A,
BRCL000400000099,B,MASCHIO AMERICANO 15/32  60° ER HSSE,15/32,,MASCHIO,6,USATO,MASCHI A,
BRCL000400000118,B ,MASCHIO EG M10X1LH ER HSSE,M10,221006315,MASCHIO,1,USATO,MASCHI EG,
,BF,INSERTO FRESA SFERICA  WPR20 SDR RED,,,INSERTI,4,USATO,INSERTI FRESA,
 -,BURZONI,"PUNTA HSSE T53 D.12,5 KP60",D12.5, -,PUNTA,4,NUOVO,PUNTE1 ,
 -,BURZONI,"PUNTA HSSE T55 D.4,7 KP60",D4.7, -,PUNTA,2,NUOVO,PUNTE1 ,
,BURZONI,MASCHIO M7  6H HSSE,M7,,MASCHIO,3,NUOVO,MASCHI,
,BURZONI,"MASCHIO M6,5X0,75 HSSE","M6,5",,MASCHIO,6,NUOVO,MASCHI,
,BURZONI,MASCHIO M8  6H HSSE,M8,,MASCHIO,8,NUOVO,MASCHI,
,BURZONI,MASCHIO T101 H M12 KP60,M12,,MASCHIO,1,USATO,MASCHI,
,BURZONI,MASCHIO EG T700 M4 KP60,M4,,MASCHIO,5,NUOVO,MASCHI EG,
,BURZONI,"MASCHIO EG HC FCE M3 0,5",M3,,MASCHIO,2,NUOVO,MASCHI EG,
,BURZONI,MASCHIO EG T200 EG M3 KP20,M3,,MASCHIO,1,NUOVO,MASCHI EG,
,BURZONI,MASCHIO EG T700 M5 KP60 ,M5,,MASCHIO,1,NUOVO,MASCHI EG,
,BURZONI,MASCHIO EG T105 M6 KP60,M6,,MASCHIO,1,NUOVO,MASCHI EG,
,BURZONI,MASCHIO EG T200 EG M6 KP20,M6,,MASCHIO,1,NUOVO,MASCHI EG,
,BURZONI,MASCHIO EG T700 M10 KP60,M10,,MASCHIO,3,USATO,MASCHI EG,
,BURZONI,SPACCAMASCHIO D3.3 TD1001 D3.3 KP60,D3.3,,SPACCAMASCHIO,4,NUOVO,MASCHI EG,
,BURZONI,SPACCAMASCHIO TD1001 D4.2 KP60,D4.2,,SPACCAMASCHIO,4,NUOVO,MASCHI EG,
,BURZONI,SPACCAMASCHIO TD1001 D5.0 KP60,D5,,SPACCAMASCHIO,4,NUOVO,MASCHI EG,
,BURZONI,SPACCAMASCHIO TD1001 D6.8 KP60,D6.8,,SPACCAMASCHIO ,5,NUOVO,MASCHI EG,
,BURZONI,SPACCAMASCHIO TD1001 D8.5 KP60,D8.5,,SPACCAMASCHIO ,3,NUOVO,MASCHI EG,
,BURZONI,SPACCAMASCHIO TD1001 D10.2 KP60,D10.2,,SPACCAMASCHIO,3,NUOVO,MASCHI EG,
,BURZONI,PUNTA T53 D3 KP60,D3,,PUNTA,1,NUOVO,PUNTE1 ,
,BURZONI,MASCHIO AMERICANO T331H G1/4 KP60,1/4,,MASCHIO,2,NUOVO,MASCHI A,
,BURZONI,PUNTA T53 D3.3 KP60,D3.3,,PUNTA,3,NUOVO,PUNTE1 ,
,BURZONI,PUNTA T55 D8.5 KP60,D8.5,,PUNTA,1,NUOVO,PUNTE1 ,
,BURZONI,PUNTA T55 D5 KP60,D5,,PUNTA,1,NUOVO,PUNTE1 ,
,BURZONI,PETTINE F100 040 080 C KP60,D4,,FRESA,4,NUOVO,PETTINI,
,BURZONI,PETTINE F100 060 100C KP60,D6,,FRESA,1,NUOVO,PETTINI,
,BURZONI,PETTINE FM100 M4 KP60,D4,,FRESA,2,NUOVO,PETTINI,
,BURZONI,PETTINE F100 080 150C KP60,D8,,FRESA,2,NUOVO,PETTINI,
,BURZONI,PETTINE F100 080 175C KP60,D8,,FRESA,2,NUOVO,PETTINI,
,BURZONI,PETTINE FM100 M5 KP60,D5,,FRESA,1,NUOVO,PETTINI ,
,BURZONI,FRESA METALLO DURO D5 TMDG 41055 KA60,D5,,FRESA,4,NUOVO,FRESA METALLI1,
,BURZONI,FRESA METALLO DURO D8 GT 080 050 L KD60,D8,,FRESA,1,NUOVO,FRESA METALLI1,
,BURZONI,FRESA METALLO DURO D12,D12,41120 MDI,FRESA,1,USATO,FRESA METALLI1,
,BURZONI,FRESA METALLO DURO LTG 020 030 KW60,D3,,FRESA,1,NUOVO,FRESA METALLI1,
,BURZONI,FRESA METALLO DURO LGT 020 030 KS60,D3,,FRESA,1,NUOVO,FRESA METALLI1,
,BURZONI,FRESA METALLO DURO D2 GS020L KD60,D2,,FRESA,1,NUOVO,FRESA METALLI2,
,BURZONI,FRESA METALLO DURO TMB2100400L250KB60,D4,,FRESA,1,NUOVO,FRESA METALLI2,
,BURZONI,FRESA METALLO DURO D3 GS030L KD60,D3,,FRESA,0,NUOVO,FRESA METALLI2,
,BURZONI,FRESA METALLO DURO TMB210 0400L160 KB60,D3.8,,FRESA,1,NUOVO,FRESA METALLI2,
,BURZONI,FRESA SFERICA METALLO DURO 53060VT3-KP60,D6,,FRESA,2,NUOVO,FRESA METALLI2,
,BURZONI,FRESA SFERICA METALLO DURO D4 GS040L KD60,D4,,FRESA,2,NUOVO,FRESA METALLI2,
,BURZONI,FRESA SFERICA METALLO DURO SGR 040 L45 KH60,D3.85,,FRESA,1,NUOVO,FRESA METALLI2,
,BURZONI,FRESA SFERICA METALLO DURO SGC 040 200XL 75B KH60,D4,,FRESA,3,NUOVO,FRESA METALLI2,
,BURZONI,FRESA DIAMANTATA D8,D8,D8X40L100,FRESA,1,NUOVO,DIAMANTATE 1,
,BURZONI,FRESA DIAMANTATA D6  40°,D6,2985,FRESA,1,USATO,DIAMANTATE 1,
,BURZONI,FRESA DIAMANTATA SPECIALE D8,D8,D8LTOT.63 G8 L.25mm,FRESA,1,NUOVO,DIAMANTATE 1,
,BURZONI,FRESA DIAMANTATA 7.7,D7.7,RUN077 WE KH68,FRESA,2,NUOVO,DIAMANTATE 2,
,BURZONI,FRESA DIAMANTATA 8,D8,RUN80 WE KH68,FRESA,2,NUOVO,DIAMANTATE 2,
,BURZONI,FRESA DIAMANTATA 9,D9,RUN 097 KH68,FRESA,1,NUOVO,DIAMANTATE 2,
,BURZONI,FRESA DIAMANTATA 10,D10,RUN 100 WE KH68,FRESA,1,NUOVO,DIAMANTATE 2,
,BURZONI,FRESA DIAMANTATA 12,D12,RUN 120 MDI,FRESA,1,NUOVO,DIAMANTATE 2,
,BURZONI,PUNTA D2.1 TD850 D2.1 KP60,D2.1,,PUNTA,1,NUOVO,PUNTE1,
,BURZONI,PUNTA D1.5  TD850GF 0210 KR60,D1.5,,PUNTA,1,NUOVO,PUNTE1,
,BURZONI,PUNTA D3.3 TD850GP 0330 KR60,D3.3,,PUNTA,1,NUOVO,PUNTE1,
,BURZONI,PUNTA D3.3  TD850GP 0330 KR60,D3.3,,PUNTA,1,NUOVO,PUNTE1,
,BURZONI,PUNTA D3.2 TD 850 GP 0320 MDI,D3.2,,PUNTA,0,USATO,PUNTE1,
,BURZONI,PUNTA D3.5TD 850 GP 0320 MDI,D3.5,,PUNTA,1,NUOVO,PUNTE1,
,BURZONI,PUNTA D4.1 TD850GP 0410 KR60,D4.1,,PUNTA,1,NUOVO,PUNTE1,
,BURZONI,PUNTA D4 TD 850GP 0400 MDI,D4,,PUNTA,1,USATO,PUNTE1,
,BURZONI,PUNTA D4.2 TD 850 GP 0420 MDI,D4.2,,PUNTA,1,NUOVO,PUNTE1,
,BURZONI,PUNTA D4.5 TD 850 GP 0450 MDI,D4.8,,PUNTA,2,NUOVO,PUNTE1,
,BURZONI,PUNTA D4.3 TD850 GP 0430 MDI,D4.3,,PUNTA,2,NUOVO,PUNTE1,
,BURZONI,PUNTA D4.8 TD850GP 0480 KR60,D4.8,,PUNTA,1,NUOVO,PUNTE1,
,BURZONI,PUNTA D4.4 TD850GP 0440 KR60,D4.4,,PUNTA,1,NUOVO,PUNTE1,
,BURZONI,PUNTA D5  L.TOT.80 MDI,D5,,PUNTA,4,NUOVO,PUNTE1,
,BURZONI,PUNTA D5.1 TD850GP 0510 KR60,D5.1,,PUNTA,4,NUOVO,PUNTE1,
,BURZONI,PUNTA D5.2 TD 850GP 520 MDI,D5.2,,PUNTA,3,USATO,PUNTE1,
,BURZONI,PUNTA D6 DTD 830 GP 0600,D6,,PUNTA,5,NUOVO,PUNTE1,
,BURZONI,PUNTA D5.8 TD 530GP 0580 KR60,D5.8,,PUNTA,8,NUOVO,PUNTE1,
,BURZONI,PUNTA D6.3 TD850GP 0630 KR60,D6.3,,PUNTA,3,NUOVO,PUNTE1,
,BURZONI,PUNTA D6.1 TD850GP 0610 KR60,D6.1,,PUNTA,4,NUOVO,PUNTE1,
,BURZONI,PUNTA D6.5 TD850 GP 0650 MDI,D6.5,,PUNTA,4,NUOVO,PUNTE1,
,BURZONI,PUNTA D6.4 TD850 0640 MDI,D6.4,,PUNTA,2,NUOVO,PUNTE1,
,BURZONI,PUNTA D5.8 TD 850 GP 0580 MDI,D5.8,,PUNTA,1,NUOVO,PUNTE1,
,BURZONI,TUNGLOY PUNTA D6.8 TD8120 0680 MD,D6.8,,PUNTA,1,NUOVO,PUNTE1,
,BURZONI,PUNTA D6.8 TD850 0680 MDI,D6.8,,PUNTA,2,NUOVO,PUNTE1,
,BURZONI,PUNTA D7 TD830 0700MDI,D7,,PUNTA,3,NUOVO,PUNTE1,
,BURZONI,PUNTA D7 TD850GP 0700KR60,D7,,PUNTA,1,NUOVO,PUNTE1,
,BURZONI,PUNTA D6.6 TD 850 0660MDI,D6.6,,PUNTA,3,NUOVO,PUNTE1,
,BURZONI ,PUNTA D8.5 T55 D8 KP60,D8.5,,PUNTA,2,NUOVO,PUNTE1 ,
,BURZONI ,PETTINE D6 FM100 M6 MDE,D6,,FRESA,1,NUOVO,PETTINI,
,CARMEX,PETTINE MT1010 C27 2.0 ,D10,,FRESA,1,NUOVO  ,PETTINI,
,CARMEX,PETTINE D14 MT1414 D33 2.5 ,D14,,FRESA,1,NUOVO,PETTINI,
,CERATIZIT,WNT MASCHIO EG SL25 HR M6 ISO 2-6H,M6,2246906000,MASCHIO,1,NUOVO,MASCHI EG,
,CERATIZIT,WNT PUNTA D12 HSS LUNGA,D12 ,10235120,PUNTA,1,USATO,PUNTE1 ,
,CERATIZIT,WNT MASCHIO AMERICANO 10/32 2B C,10/32,22606010,MASCHIO,1,NUOVO,MASCHI A,
,CERATIZIT,INSERTO DXHT 11T308FR-27P,,50477508,INSERTI,6,NUOVO,INSERTI FRESA,
BRCL00217C,CERATIZIT,INSERTO FRESA XDHT 11T308FR-27PH216T ,,50477508,INSERTI,16,NUOVO,INSERTI FRESA,
,CERATIZIT,PETTINE  HA 8.4 X 1.5,D8,,FRESA,4,NUOVO,PETTINI,
,CERATIZIT,PETTINE D HA10.37 T1600,D10,,FRESA,3,NUOVO,PETTINI,
,CERATIZIT,WNT PETTINE M8 X 1.25 HB6,D8,,FRESA,1,USATO,PETTINI,
BRCL4008727,CERATIZIT,FRESA METALLO DURO D5  R1,D5,5371105410,FRESA,1,NUOVO,FRESA METALLI1,
,CERATIZIT,"FRESA METALLO DURO D5  K0,1",D5,5405905200,FRESA,4,NUOVO,FRESA METALLI1,
,CERATIZIT,WNT FRESA METALLO DURO D6,D6 ,53523060,FRESA,1,USATO,FRESA METALLI1,
,CERATIZIT,WNT FRESA METALLO DURO HSA 5X0.35,D5,54002050,FRESA,1,NUOVO,FRESA METALLI1,
,CERATIZIT,FRESA METALLO DURO D6,D6,5407006200,FRESA,0,NUOVO,FRESA METALLI1,
,CERATIZIT,WNT FRESA METALLO DURO D7 53 513 07400 ,D7,93568858,FRESA,0,NUOVO,FRESA METALLI1,
BRCL00995C,CERATIZIT,FRESA METALLO DURO D10 R1,D10,52 870 10010,FRESA,3,NUOVO,FRESA METALLI1,
BRCL000400000033,CERATIZIT,WNT FRESA METALLO DURO D9.65,D9.65 ,,FRESA,2,NUOVO,FRESA METALLI1,
,CERATIZIT,WNT FRESA METALLO DURO D10,D10,53523100,FRESA,1,USATO ,FRESA METALLI1,
,CERATIZIT,WNT FRESA METALLO DURO D12,D12,53523120,FRESA,2,USATO ,FRESA METALLI1,
,CERATIZIT,WNT FRESA METALLO DURO D12,D12,1133 1200,FRESA,1,USATO ,FRESA METALLI1,
,CERATIZIT,WNT FRESA METALLO DURO D12X0.30,D12,53585120,FRESA,1,NUOVO,FRESA METALLI1,
,CERATIZIT,WNT FRESA METALLO DURO D12 FX FA,D12,5261412,FRESA,1,USATO,FRESA METALLI1,
BRCL0000400000500,CERATIZIT,FRESA METALLO DURO D12 R0.5,D12,5407212205,FRESA,2,NUOVO,FRESA METALLI1,
BRCL00029C,CERATIZIT,FRESA METALLO DURO D12 R1,D12,5358612010,FRESA,2,NUOVO,FRESA METALLI1,
BRCL000400000105,CERATIZIT,FRESA METALLO DURO D12,D12,5407012400,FRESA,3,NUOVO,FRESA METALLI1,
BRCL000400000066,CERATIZIT,WNT FRESA METALLO DURO D20,D20,94199384,FRESA,1,USATO,FRESA METALLI1,
BRCL00214C,CERATIZIT,WNT FRESA METALLO DURO D20,D20,94818038,FRESA,1,NUOVO,FRESA METALLI1,
,CERATIZIT,WNT FRESA METALLO DURO D20,D20,5405920200 D20,FRESA,1,NUOVO,FRESA METALLI1,
,CERATIZIT,FRESA METALLO DURO D3,D3,5407003200,FRESA,2,NUOVO,FRESA METALLI1,
,CERATIZIT,FRESA METALLO DURO D3 40°,D3,52784034,FRESA,2,NUOVO,FRESA METALLI1,
,CERATIZIT,WNT FREA METALLO DURO D1 30°,D1,52802103,FRESA,1,NUOVO,FRESA METALLI1,
,CERATIZIT,WNT FRESA METALLO DURO D3 30°,D3,5292133000,FRESA,1,NUOVO,FRESA METALLI1,
,CERATIZIT,WNT FRESA METALLO DURO D2.5 6.45°,D2.5,5066402500,FRESA,1,NUOVO,FRESA METALLI1,
,CERATIZIT,WNT FRESA METALLO DURO D3,D3,5407003200,FRESA,1,NUOVO,FRESA METALLI1,
,CERATIZIT,FRESA SFERICA METALLO DURO D7.45  R4,D7.45,,FRESA,1,NUOVO,FRESA METALLI2,
,CERATIZIT,WNT FRESA SFERICA METALLO DURO D5.5  45°,D5.5,5361006200,FRESA,1,NUOVO,FRESA METALLI2,
,CERATIZIT,WNT FRESA DIAMANTATA D10  30°,D10,50985 100,FRESA,2,NUOVO,DIAMANTATE 1,
,CERATIZIT,WNT FRESA DIAMANTATA D4  X 0.35,D4,5405904200,FRESA,3,NUOVO,DIAMANTATE 2,
,CERATIZIT,WNT FRESA DIAMANTATA D8X 0.35,D8,5405908200,FRESA,1,NUOVO,DIAMANTATE 2,
,CERATIZIT,PUNTA D 3XD,D3,10787030,PUNTA,3,NUOVO,PUNTE1,
,CERATIZIT,PUNTA D3XD,D3,1170403000,PUNTA,2,NUOVO,PUNTE1,
,CERATIZIT,WNT PUNTA D 3,D3,1170303000,PUNTA,0,NUOVO,PUNTE1,
BRCL000400000344,CERATIZIT,WNT PUNTA D3.3 R5,D3.3,11 703 03300,PUNTA,3,NUOVO,PUNTE1,
BRCL000400000407,CERATIZIT,WNT PUNTA D3.2,D3.2,10 787 032,PUNTA,0,NUOVO,PUNTE1,
,CERATIZIT,PUNTA D3.8,D3.8,1170403000,PUNTA,2,NUOVO,PUNTE1,
,CERATIZIT,WNT PUNTA D3.3 R5,D3.3,11702 03300,PUNTA,1,NUOVO,PUNTE1,
,CERATIZIT,PUNTA D4.5,D4.5 ,1170204000,PUNTA,1,NUOVO,PUNTE1,
,CERATIZIT,WNT PUNTA D4.5,D4.5,11 703 04000,PUNTA,0,NUOVO,PUNTE1,
,CERATIZIT,WNT PUNTA D4.3,D4.3,1170304300,PUNTA,4,NUOVO,PUNTE1,
,CERATIZIT,WNT PUNTA D4.5,D4.5,10 700 045,PUNTA,3,NUOVO,PUNTE1,
BRCL000400000047,CERATIZIT,WNT PUNTA D4.5,D4.5,,PUNTA,2,NUOVO,PUNTE1,
BRCL000400000347,CERATIZIT,PUNTA D5,D5,,PUNTA,7,NUOVO,PUNTE1,
,CERATIZIT,WNT PUNTA D5,D5,,PUNTA,1,USATO,PUNTE1,
BRCL01242C,CERATIZIT,PUNTA D5,D5,,PUNTA,0,NUOVO,PUNTE1,
,CERATIZIT,PUNTA D5.2,D5.2,11 703 05200,PUNTA,2,NUOVO,PUNTE1,
,CERATIZIT,PUNTA D5.5,D5.5 ,11 702 05000,PUNTA,4,NUOVO,PUNTE1,
,CERATIZIT,WNT PUNTA D5.8,D5.8,10 700 058,PUNTA,3,NUOVO,PUNTE1,
BRCL000400000177,CERATIZIT,WNT PUNTA D6,D6,,PUNTA,1,NUOVO,PUNTE1,
,CERATIZIT,WNT PUNTA D5.5,D5.5,,PUNTA,2,NUOVO,PUNTE1,
,CERATIZIT,PUNTA D6.4,D6.4,11 702 06400,PUNTA,3,NUOVO,PUNTE1,
,CERATIZIT,WNT PUNTA D6.20,D6.2,11 702 06200,PUNTA,3,NUOVO,PUNTE1,
,CERATIZIT,WNT PUNTA D5, D5,10 787 050,PUNTA,2,NUOVO,PUNTE1,
,CERATIZIT,WNT PUNTA D6,D6,11 703 06000,PUNTA,1,NUOVO,PUNTE1,
,CERATIZIT,WNT PUNTA D6.3,D6.3,11 704 06300,PUNTA,0,NUOVO,PUNTE1,
,CERATIZIT,PUNTA D6.3,D6.3,,PUNTA,1,NUOVO,PUNTE1,
BRCL00197C,CERATIZIT,PUNTA D6.8,D6.8,11 703 06800,PUNTA,2,NUOVO,PUNTE1,
,CERIN,FRESA DIAMANTATA D3 108GF,D3,30061250,FRESA,2,NUOVO,DIAMANTATE 1,
,CERIN,FRESA DIAMANTATA D2,D2,,FRESA,1,NUOVO,DIAMANTATE 1,
,CERIN,FRESA DIAMANTATA D4,D4,68SX040061680DM,FRESA,2,NUOVO,DIAMANTATE 1,
,CERIN,FRESA DIAMANTATA D3,D3,,FRESA,1,NUOVO,DIAMANTATE 1,
,CERIN,FRESA DIAMANTATA D8,D8,,FRESA,1,NUOVO,DIAMANTATE 1,
,CERIN,FRESA DIAMANTATA D10,D10,109F.100103072,FRESA,1,NUOVO,DIAMANTATE 1,
,CERIN,FRESA DIAMANTATA D8,D8,108F.0800840100,FRESA,1,USATO,DIAMANTATE 1,
,CERIN,FRESA DIAMANTATA D8,D8,109F.080082563,FRESA,2,NUOVO,DIAMANTATE 1,
,CERIN,FRESA DIAMANTATA SPECIALE D5,D5,11050061660,FRESA,2,NUOVO,DIAMANTATE 1,
,CERIN,FRESA DIAMANTATA SPECIALE D3,D3,1084030061250,FRESA,2,NUOVO,DIAMANTATE 1,
,CERIN,FRESA DIAMANTATA SPECIALE D3.3,D3.3,H7NA42008,FRESA,1,NUOVO,DIAMANTATE 1,
,DC,MASCHIO AMERICANO 1/4  28 3B,1/4, ,MASCHIO,1,NUOVO,MASCHI A,
,DC,MASCHIO AMERICANO 5/16  UNF 2BX,5/16,,MASCHIO,1,NUOVO,MASCHI A,
BRCL000400000258,DIAEDGE,INSERTO TPGX TPGX090204,,,INSERTI,17,NUOVO,INSERTI FRESA,
,DORMER,MASCHIO AMERICANO 1/4  20 UNC,1/4,,MASCHIO,1,NUOVO,MASCHI A,
,DORMER,MASCHIO AMERICANO 3/8  STRAIGHT FLUTE,3/8,,MASCHIO,1,USATO,MASCHI A,
,DSN,UTENSILE DA DISEGNO AIRBUS RAFF02985,,,FRESA,0,NUOVO,PUNTE 1.6 PANNELLI,
,EG, PETTINE M4 PITCH 70,D4,,FRESA,1,NUOVO,PETTINI,
,EMUGE,"MASCHIO M18X1,50  ISO2 6H",M18,1489354,MASCHIO,1,USATO,MASCHI,
,EMUGE,MASCHIO M10 6HX REK1A,M10,,MASCHIO,1,USATO,MASCHI,
,EMUGE,MASCHIO AMERICANO 5/16  UNF REK A,5/16,,MASCHIO,1,NUOVO,MASCHI A,
BRCL00040000090,FIMU,GUHRING MASCHIO AMERICANO,C-1/2-13 UNC/2BX,21376055,MASCHIO,1,NUOVO,MASCHI A,
BRCL01361C,FIMU,GUHRING MASCHIO AMERICANO,C-1/2-13 UNC/2BX,23442133,MASCHIO,1,NUOVO,MASCHI A,
BRCL00040000091,FIMU,GUHRING MASCHIO AMERICANO,C-5/16/24 UNF/2BX,20066305,MASCHIO,1,NUOVO,MASCHI A,
BRCL01361C,FIMU,GUHRING MASCHIO AMERICANO,C-1/2-13 UNC/2BX,23074439,MASCHIO,1,NUOVO,MASCHI A,
,FIMU,GUHRING MASCHIO M4,M4 6HX,23543248,MASCHIO,3,NUOVO,MASCHI,
,FIMU,GUHRING MASCHIO M5,M5 6HX,235448943,MASCHIO,2,NUOVO,MASCHI,
BRCL01416C,FIMU,GUHRING MASCHIO M6,M6 6HX,22804685,MASCHIO,14,NUOVO,MASCHI,
BRCL00687C,FIMU,GUHRING MASCHIO M8,M8,2232117,MASCHIO,0,NUOVO,MASCHI,
BRCL00234C,FIMU,GUHRING MASCHIO M10,M10 6HX HSSE,23543176,MASCHIO,2,NUOVO,MASCHI,
BRCL01417C,FIMU,GUHRING MASCHIO M10,"M10 X1,25 6HX HSS",21146789,MASCHIO,2,NUOVO,MASCHI,
,FIMU,GUHRING MASCHIO M12,M12 6HX HSSE,21417526,MASCHIO,1,NUOVO,MASCHI,
,FIMU,GUHRING MASCHIO M14,"M14X1,30 VHM SIRIUS",22912221,MASCHIO,2,USATO,MASCHI,
,FIMU,GUHRING MASCHIO M14,"M14 X1,50 6HX HSSE",23154956,MASCHIO,1,USATO,MASCHI,
BRCL00705C,FIMU,GUHRING MASCHIO M12,"M12X1,50 ISO2 HSSE",23152916,MASCHIO,3,NUOVO,MASCHI,
BRCL000400000088,FIMU,MASCHIO M18,"M18X1,50  ISO6H",2880705,MASCHIO,1,NUOVO,MASCHI,
,FIMU,GUHRING MASCHIO EG M4 6H MOD,M4 EG ,1479769,MASCHIO,1,NUOVO,MASCHI EG,
,FIMU,GUHRING MASCHIO EG M5 EG M5 6 MOD HSSE,M5 EG,16287835,MASCHIO,2,NUOVO,MASCHI EG,
,FIMU,GUHRING MASCHIO EG M8,M8 6H HSSE,302905552,MASCHIO,1,USATO,MASCHI EG,
,FIMU,GUHRING MASCHIO EG M10  6H MOD HSSE,M10,302905553,MASCHIO,2,USATO,MASCHI EG,
,FIMU,GUHRING MASCHIO AMERICANO 1/4,1/4 28UNF 2BX,23501780,MASCHIO,1,USATO,MASCHI A,
BRCL000400000094,FIMU,GUHRING MASCHIO AMERICANO 7/16,7/16 20 UNF 2BX,15894562,MASCHIO,1,USATO,MASCHI A,
BRCL000400000096,FIMU,GUHRING MASCHIO AMERICANO 8/32,8/32 UNF 2BX,21497690,MASCHIO,1,NUOVO,MASCHI A,
BRCL000400000093,FIMU,GUHRING MASCHIO AMERICANO,10/32 UNF 2BX,20528839,MASCHIO,0,NUOVO,MASCHI A,
,FIMU,GUHRING MASCHIO AMERICANO 5/16,5/16 24 UNF 2BX,,MASCHIO,1,USATO,MASCHI A,
,FIMU,D'ANDREA INSERTO CCMT,CCMT,,INSERTI,3,NUOVO,INSERTI FRESA,
,FIMU,D'ANDREA INSERTO WCGT,WCGT,,INSERTI,9,NUOVO,INSERTI FRESA,
,FIMU,D'ANDREA INSERTO TPGX,DK100,32T09,INSERTI,9,NUOVO,INSERTI FRESA,
BRCL00248C,FIMU,D'ANDREA INSERTO TPGX,DC100,48D06,INSERTI,1,NUOVO,INSERTI FRESA,
,FIMU,INSERTO XOEX10T308FR,XOEX10T308FR E5,2823843,INSERTI,6,NUOVO,INSERTI FRESA,
,FIMU,INSERTO XOEX10T331FR-E05, XOEX10T331FR-E05,3002244,INSERTI,4,NUOVO,INSERTI FRESA,
,FIMU,INSERTO XOMX10T331TR,XOMX10T331TR,3102796,INSERTI,12,NUOVO,INSERTI FRESA,
,FIMU,INSERTO SNHQ110202EL4 E05,SNHQ110202EL4 E05,2526651,INSERTI,10,NUOVO,INSERTI FRESA,
,FIMU,INSERTO SNHQ110202ER4 E05,SNHQ110202ER4 E05,2526652,INSERTI,2,NUOVO,INSERTI FRESA,
BRCL01062C,FIMU,INSERTO FRESA EDCT140431,EDCT14043,KC410M,INSERTI,14,NUOVO,INSERTI FRESA,
,FIMU,INSERTO FRESA EDCT,EDCT140408PDFRLDJ,KC410M,INSERTI,13,NUOVO,INSERTI FRESA,
,FIMU,INSERO FRESA SFERICA,KDMB20MOERLD,601486489,INSERTI,7,NUOVO,INSERTI FRESA,
,FIMU,INSERTO FRESA SFERICA ,KDMB20MOERLD,601486489,INSERTI,12,USATO,INSERTI FRESA,
,FIMU,GUHRING PRTTINR D5 WN RFK ,D5,,FRESA,1,NUOVO,PETTINI,
,FIMU,GUHRING FRESA METALLO DURO D20 41200,D20,TMDG,FRESA,1,USATO,FRESA METALLI1,
,FIMU,GUHRING FRESA METALLO DURO D2.1,D2.1,,FRESA,1,NUOVO,FRESA METALLI2,
,FIMU,FRESA DIAMANTATA D16 R0.2,D16,02720262,FRESA,2,USATO,DIAMANTATE 1,
,FIMU,GUHRING ALESATORE D14 H7,D14,22802954,ALESATORE,1,NUOVO,ALESATORI,
,FIMU,GUHRING PUNTA D2.05,D2.05,648814P,PUNTA,1,NUOVO,PUNTE1,
,FIMU,GUHRING PUNTA D3.3,D3.3,5768-3300,PUNTA,2,NUOVO,PUNTE1,
,FIMU,GUHRING PUNTA D3.3,D3.3,DIN 6537 LR-RT1,PUNTA,2,NUOVO,PUNTE1,
,FIMU,GUHRING PUNTA D5.0,D5.0,,PUNTA,2,NUOVO,PUNTE1,
,FIMU,GUHRING PUNTA D5.1,D5.1,,PUNTA,1,USATO,PUNTE1,
,FIMU,GUHRING PUNTA D5.1,D5.1,,PUNTA,3,NUOVO,PUNTE1,
,FIMU,GUHRING PUNTA D5.6,D5.6,,PUNTA,1,USATO,PUNTE1,
,FIMU,GUHRING PUNTA D5.56,D5.56,,PUNTA,1,USATO,PUNTE1,
,FIMU,GUHRING PUNTA D6.6,D6.6,,PUNTA,1,NUOVO,PUNTE1,
BRCL00729C,HEULE,INSERTO LAMATORE IN TIRO,D8.0,BSF-M-B-1D-8.0,INSERTI,2,NUOVO,MARCO,
,HOFFMAN,GARANT PUNTA TASTATORE  359505,,,PUNTA,2,NUOVO,TASTATORI,
,HOFFMAN,PUNTA D1.6 HSS,D1.6,,PUNTA,4,NUOVO,PUNTE 1.6 PANNELLI,
,HOFFMAN,HOLEX PUNTA 1.6,D1.6,,PUNTA,3,NUOVO,PUNTE 1.6 PANNELLI,
BRCL000400000137,HOFFMAN,GARANT FRESA METALLO DURO D8,D8,202272 8,FRESA,1,NUOVO,FRESA METALLI1,
,HOFFMAN,GARANT FRESA METALLO DURO D10 R1,D10,4045197 764607,FRESA,2,NUOVO,FRESA METALLI1,
BRCL000400000059,HOFFMAN,GARANT FRESA METALLO DURO D10 R05,D10,360/22,FRESA,0,NUOVO,FRESA METALLI1,
,HOFFMAN,GARANT FRESA METALLO DURO D12,D12,202272,FRESA,1,NUOVO,FRESA METALLI1,
,HOFFMAN,GARANT FRESA METALLO DURO D2,D2,94120104,FRESA,1,NUOVO,FRESA METALLI1,
,HOFFMAN,GARANT FESA METALLO DURO D2.7,D2.7,45197861085,FRESA,1,NUOVO,FRESA METALLI1,
,HOFFMAN,GARANT FRESA SFERICA METALLO DURO D9.75,D9.75,20978110,FRESA,1,NUOVO,FRESA METALLI2,
BRCL01429C,HOFFMAN,GARANT FRESA DIAMANTATA D6X1,D6,2097556,FRESA,1,NUOVO,DIAMANTATE 1,
,HOFFMAN,GARANT FRESA DIAMANTATA D16L2-17,D16,2917533052391482,FRESA,1,NUOVO,DIAMANTATE 1,
,HOFFMAN,UOP ALESATORE D11,D11,32105 11 85,ALESATORE,0,USATO,ALESATORI,
,HOFFMAN,HOLEX ALESATORE D11,D11,32105,ALESATORE,1,USATO,ALESATORI,
BRCL00850C,HOFFMAN,HOLEX ALESATORE D6,D6,16015_0,ALESATORE,3,NUOVO,ALESATORI,
,HOFFMAN,FRESA RAGGIATA D8 R4,D8,,FRESA ,1,RIAFFILATA,RIAFFILATE1,
,HOFFMAN,FRESA MDI Z3,D9.59,,FRESA ,2,RIAFFILATA,RIAFFILATE1,
,HOFFMAN,FRESA MDI Z4,D 11.65,,FRESA ,1,RIAFFILATA,RIAFFILATE1,
,HOFFMAN,FRESA MDI Z3,D9.58,,FRESA,2,RIAFFILATA,RIAFFILATE1,
,HOFFMAN,FRESA MDI Z4,D7.5,,FRESA,1,RIAFFILATA,RIAFFILATE1,
,HOFFMAN,FRESA MD1 Z3 M11.57,D11.57,,FRESA,1,RIAFFILATA,RIAFFILATE1,
,HOFFMAN,FRESA MDI Z4 D7.49,D7.49,,FRESA,1,RIAFFILATA,RIAFFILATE1,
,HOFFMAN,FRESA SFERICA D8,D8,,FRESA,1,RIAFFILATA,RIAFFILATE1,
,HOFFMAN,FRESA SFERICA D10,D10,,FRESA,1,RIAFFILATA,RIAFFILATE1,
,HOFFMAN,FRESA MDI D9.59,D9.59,,FRESA,1,RIAFFILATA,RIAFFILATE1,
,HOFFMAN,FRESA MDI D9.57,D9.57,,FRESA,3,RIAFFILATA,RIAFFILATE1,
,HOFFMAN,FRESA RAGGIATA D8,D8,,FRESA,1,RIAFFILATA ,RIAFFILATE1,
,HOFFMAN,FRESA SFERICA D10,D10,,FRESA,1,RIAFFILATA,RIAFFILATE1,
,HOFFMAN,FRESA MDI D9.47,D9.47,,FRESA,1,RIAFFILATA,RIAFFILATE1,
,HOFFMAN,FRESA SFERICA,D6,,FRESA,1,RIAFFILATA,RIAFFILATE1,
,HOFFMAN,FRESA SFERICA ,D12,,FRESA,1,RIAFFILATA,RIAFFILATE1,
,HOFFMAN,FRESA MDI D9.59,D9.59,,FRESA,1,RIAFFILATA,RIAFFILATE1,
,HOFFMAN,FRESA MDI D9.56,D9.56,,FRESA,1,RIAFFILATA,RIAFFILATE1,
,HOFFMAN,FREESA MDI D9.64,D9.64,,FRESA,1,RIAFFILATA ,RIAFFILATE1,
BRCL01170C,HOFFMAN,GARANT FRESA DIAMANTATA SGROSSATURA D8M,D8,209548 8M,FRESA,0,NUOVO,DIAMANTATE 1,
,HOFFMAN,PUNTA D4.5 RIAFFILATA,D4.5,1170304200,PUNTA,1,RIAFFILATA,RIAFFILATE1,
BRCL01436C,HOFFMAN,PUNTA CRESTA DI GALLO D10,D10,,PUNTA,3,NUOVO,PUNTE3,
,HTTART,FRESA DIAMANTATA D8/001,D8,2985,FRESA,1,NUOVO,DIAMANTATE 1,
,HTTART,FRESA DIAMANTATA D8HTT, D8,001/A,FRESA,1,USATO,DIAMANTATE 1,
,HUFSCHMIED,FRESA DIAMANTATA D4,D4,FB194HS040060,FRESA,1,USATO,DIAMANTATE 1,
,HZ,FRESA DIAMANTATA D6L3R3,D6,394R0O6R,FRESA,0,NUOVO,DIAMANTATE 1,
,HZ,FRESA DIAMANTATA D8X35,D8,,FRESA,2,NUOVO,DIAMANTATE 1,
,HZ,FRESA DIAMANTATA D8X25X63,D8,,FRESA,1,NUOVO,DIAMANTATE 1,
BRCL000400000023,IG UTENSILI,PETTINE 3.1,3.1 T,,FRESA,5,NUOVO,PETTINI,
,IG UTENSILI,PETTINE D2.35  P0.50 60°,D2.35,,FRESA,2,NUOVO,PETTINI,
,ILIX,ALESATORE D7.94,D7.94,8093,ALESATORE,1,NUOVO,ALESATORI,
,JONGEN,FRESA DIAMANTATA D8 R05,D8,,FRESA,1,NUOVO,DIAMANTATE 1,
,KOMET,ALESATORE D6.7,D6.7,4011006600,ALESATORE,4,USATO,ALESATORI,
,KOMET,ALESATORE D2.5,D2.5,40110025,ALESATORE,2,NUOVO,ALESATORI,
 -,OSG,MASCHIO AMERICANO 1/2-20UNF 2BX B ,1/2-20UNF 2BX B ,48145491,MASCHIO,0,USATO,MASCHI A,
,OSG,MASCHIO M7,M7 6HX,48139158,MASCHIO,3,NUOVO,MASCHI,
,OSG,MASCHIO M8,"M8X1,25 6HXC",48139162,MASCHIO,1,USATO,MASCHI,
,OSG,MASCHIO M12,M12 X 1.75 6HX,48139179,MASCHIO,1,NUOVO,MASCHI,
,OSG,MASCHIO EG M6,M6X1 6HX,48139155,MASCHIO,0,NUOVO,MASCHI EG,
,OSG,MASCHIO EG M6,M6 X1 4H B,48006155,MASCHIO,1,NUOVO,MASCHI EG,
,OSSOLANA,ALESATORE D18.03,D18.03,720-18.03,ALESATORE,1,NUOVO,ALESATORI,
,OSSOLANA,ALESATORE D18  H7,D18,200-1800,ALESATORE ,1,NUOVO,ALESATORI,
,PEPPER,GUIDA ,9--12,,GUIDA,1,USATO,ALESATORI,
,RAFF,OSG MASCHIO EG M6,M6X1 6HX,48145155,MASCHIO,1,NUOVO,MASCHI EG,
,RAFF,OSG MASCHIO EG M6,"M6X0,75 6HX",48139601,MASCHIO,1,NUOVO,MASCHI EG,
,RAFF,OSG MASCHIO AMERICANO 1/2 13UNC 2B,1/2 13UNC 2B,48223489,MASCHIO,2,USATO,MASCHI A,
,RAFF,OSG MASCHIO AMERICANO 1/4,1/4 28UNF 2BX,48139472,MASCHIO,3,NUOVO,MASCHI A,
,RAFF,OSG MASCHIO AMERICANO 10/24,10/24 UNC 2B,74946630,MASCHIO,2,NUOVO,MASCHI A,
,RAFF,OSG MASCHIO AMERICANO 10/32,10/32 UNF 2BX,48139467,MASCHIO,1,NUOVO,MASCHI A,
,RAFF,OSG MASCHIO AMERICANO3/8,3/8 16UNC 2B,74947950,MASCHIO,1,NUOVO,MASCHI A,
BRCL000400000127,RAFF,OSG FRESA METALLO DURO D4,M4 X12 XR0.2,,FRESA,2,NUOVO,FRESA METALLI1,
,RAFF,FRESA METALLO DURO D11.50 R1,D11.5,FET3120-R1,FRESA,1,USATO,FRESA METALLI1,
,RAFF,KARNASH PUNTA DIAMANTATA D2.2  L14,D2.2,290120,PUNTA,1,NUOVO,CASS.SPARKWING,
,RAFF,KARNASH FRESA METALLO DURO D4,D4,291753908,FRESA,1,NUOVO,FRESA METALLI1,
,RAFF,KARNASH FRESA DIAMANTATA D6,D6,291763901,FRESA,0,NUOVO,DIAMANTATE 1,
BRCL000400000398,RAFF,KARNASH FRESA DIAMANTATA D6 X50,D6,291.763.000.050,FRESA,2,NUOVO,DIAMANTATE 1,
,RAFF,KARNASH FRESA DIAMANTATA D6 X0.2,D6,291753.0600.30,FRESA,1,NUOVO,DIAMANTATE 1,
,RAFF,KARNASH FRESA DIAMANTATA D8 L2-21,D8,2917633092499990,FRESA,1,NUOVO,DIAMANTATE 1,
,RAFF,KARNASH FRESA DIAMANTATA D12X32,D12,291761,FRESA,1,NUOVO,DIAMANTATE 1,
BRCL00261C,RAFF,KARNASH FRESA DIAMANTATA D16L2,D16,291761.1600.36,FRESA,1,NUOVO,DIAMANTATE 1,
BRCL000400000360,RAFF,KARNASH FRESA DIAMANTATA D16L2=15,D16,2917533052391482,FRESA,1,USATO,DIAMANTATE 1,
,RAFF,KARNASH FRESA DIAMANTATA D16,D16,,FRESA,3,USATO,DIAMANTATE 1,
,RAFF,KARNASH FRESA DIAMANTATA D16L2=28,D16,,FRESA,1,NUOVO,DIAMANTATE 1,
,RAFF,KARNASH FRESA DIAMANTATA D16L2=3629,D16,17523042390898,FRESA,2,NUOVO,DIAMANTATE 1,
,RAFF,LAMATORE D.17,D17,PSAG17-79L7,LAMATORE,1,NUOVO,POLLEDRI ,
,RAFF,FRESA A T D10,T10,FAT 10 SP3 Z4,FRESA,2,NUOVO,FRESA METALLI2,
,RAFF,ALESATORE D11 H7,D11,02895,ALESATORE,1,USATO,ALESATORI,
,RAFF,ALESATORE D12.7  H7,D12.7,02895,ALESATORE,2,NUOVO,ALESATORI,
,RAFF,ALESATORE D10 H7,D10,02895,ALESATORE,2,NUOVO,ALESATORI,
,RAFF,ALESATORE D18   DX DX VARIO,D18,02985,ALESATORE,1,USATO,ALESATORI,
,RAFF,KARNASH RIAFFILATE VARIE MISURE,D4-8,,FRESA,22,RIAFFILATA,RIAFFILATE1,
,RAFF,OSG PUNTA D1.5,D1.5,8577150,PUNTA,5,NUOVO,PUNTE1,
,RAFF,PUNTA A LANCIA D5,D5,,PUNTA,1,NUOVO,PUNTE1,
,RAFF,OSG PUNTA D5.1,D5.1,8722510,PUNTA,2,NUOVO,PUNTE1,
,RAFF,OSG PUNTA D7,D7,61570,PUNTA,2,NUOVO,PUNTE1,
,RAFF,PUNTA D7,D7,,PUNTA,1,NUOVO,PUNTE1,
,REAMER,PUNTA D6  6F HF,D6,14908941,PUNTA,1,NUOVO,PUNTE1 ,
BRCL00056C,RENISHAW,PUNTA TASTATORE ,,,PUNTA,2,NUOVO,TASTATORI,
BRCL01198C,RENISHAW,PUNTA TASTATORE ,,,PUNTA,2,NUOVO,TASTATORI,
,RENISHAW,PUNTA TASTATORE ,,,PUNTA,3,NUOVO,TASTATORI,
,RENISHAW,SET BRUGOLE MONTAGGIO,,,BRUGOLE,2,NUOVO,TASTATORI,
,RENISHAW,RICAMBI TASTATORI,,,RICAMBI,3,NUOVO,TASTATORI,
BRCL000400000129,RIME,FRESA METALLO DURO D5 HM9/04 ,D5,,FRESA,2,NUOVO,FRESA METALLI1,
BRCL000400000720,RIME,FRESA METALLO DURO D5 HM99SX/05 ,D5,,FRESA,2,NUOVO,FRESA METALLI1,
,RIME,FRESA METALLO DURO D20,D20,HM90/20 D20,FRESA,1,NUOVO,FRESA METALLI1,
,RIME,FESA METALLO DURO D2X15,D2,HM84/20,FRESA,0,NUOVO,FRESA METALLI1,
BRCL000400000219,RIME,FRESA DIAMANTATA D1.5X8,D1.5,HM84/15.8,FRESA,2,NUOVO,DIAMANTATE 1,
,RIME,FRESA DIAMANTATA D1.5X2,D1.5,HM60/02,FRESA,2,NUOVO,DIAMANTATE 1,
,RIME,FRESA DIAMANTATA D3,D3,HTQ1/03,FRESA,1,NUOVO,DIAMANTATE 1,
,RIME,FRESA SFERICA DIAMANTATA D8 R4,D8,HM63/05,FRESA,1,NUOVO,DIAMANTATE 1,
BRCL000400000098,SANDVIK,INSERTO FRESA 327R09,327R09-18 15002,4626010405,INSERTI,12,NUOVO,INSERTI FRESA,
,SC ROUTER,FRESA DIAMANTATA D8X25X80RH,D8,XN.080.025.080XT,FRESA,1,USATO,DIAMANTATE 1,
BRCL000400000335,TAEGUTEC,INSERTI NFLB,160 L32 B16 TT5515,,INSERTI,6,NUOVO,INSERTI FRESA,
,TAM,ALESATORE D5  0500MDI,D5,TAM90,ALESATORE,1,NUOVO,ALESATORI,
,TECHNO,PETTINE D20,UNS N 24 LF20 102LT,,FRESA,1,NUOVO,PETTINI,
,TESI,FRESA SPECIALE HONEYCOMB D9,D9,TE0569HM001,FRESA,2,NUOVO,DIAMANTATE 1,
,TNF,FRESA A BOTTE,TNF160 16M ,30673,FRESA,1,NUOVO,INSERTI FRESA,
BRCL000400000603,TSCHORN ,PUNTA TASTATORE 00163CN03,,,PUNTA,1,NUOVO,TASTATORI,
BRCL01201C,TSCHORN ,PUNTA TASTATORE ,,,PUNTA,3,NUOVO,TASTATORI,
BRCL00400000180,TUNIT,SMUSSATORE MANUALE D5.5  90°,D5.5,,SMUSSATORE,2,NUOVO,RIAFFILATE1,
,TUNIT,SMUSSATORE MANUALE D7,D7,,SMUSSATORE,2,NUOVO,RIAFFILATE1,
BRCL000400000185,TUNIT,SMUSSATORE MANUALE D8.5  90°,D8.5,,SMUSSATORE,2,NUOVO,RIAFFILATE1,
BRCL000400000181,TUNIT,SMUSSATORE MANUALE D6.1  90°,D6.1,,SMUSSATORE,2,NUOVO,RIAFFILATE1,
BRCL000400000179,TUNIT,SMUSSATORE MANUALE D4.5  90°,D4.5,,SMUSSATORE,2,NUOVO,RIAFFILATE1,
BRCL000400000182,TUNIT,SMUSSATORE MANUALE D6.35  82°,D6.35,,SMUSSATORE,2,NUOVO,RIAFFILATE1,
BRCL000400000183,TUNIT,SMUSSATORE MANUALE D6.5  82°,D6.5,,SMUSSATORE,2,NUOVO,RIAFFILATE1,
,UOP,ALESATORE D8  H7,D8,321050800,ALESATORE,2,NUOVO,ALESATORI,
,UOP,ALESATORE D11 X85,D11,32105,ALESATORE,1,USATO,ALESATORI,
,UOP,ALESATORE D11 H7,D11,321051100,ALESATORE,1,USATO,ALESATORI,
,UOP,ALESATORE D6  H7,D6,6225281,ALESATORE,1,NUOVO,ALESATORI,
,WSG,MASCHIO M12,M12X1 HSS,6233,MASCHIO,1,USATO,MASCHI,
BRCL000400000473,WST,FRESA METALLO DURO D8,D8,F11330800,FRESA,1,NUOVO,FRESA METALLI1,
,YAMAHA,MASCHIO M16,M16 ISO2 VA,9245,MASCHIO,1,USATO,MASCHI,
BRCL00400000140,YG1,ALESATORE D16X52X170,D16,16177344,ALESATORE,2,NUOVO,ALESATORI,
,YG1,ALESATORE D3 H7,D3,K211100300,ALESATORE,1,NUOVO,ALESATORI,
,YG1,PUNTA D2X4X21X57,D2,,PUNTA,1,NUOVO,PUNTE1,
,YG1,PUNTA D2.7,D2.7,D5405027,PUNTA,1,NUOVO,PUNTE1,
,ZORLINE,FRESA METALLO DURO D8,8X20X60,,FRESA,1,NUOVO,FRESA METALLI1,
BRCL011840,,PUNTA 1.6 HSS,D1.6,,PUNTA,3,NUOVO,PUNTE 1.6 PANNELLI,
,,FRESA DIAMANTATA D10X20X70,D10,,FRESA,1,USATO,DIAMANTATE 1,
,,FRESA DIAMANTATA D10,D10,108M.100103072,FRESA,1,NUOVO,DIAMANTATE 1,
,,FRESA SFERICA DIAMANTATA D6 R45,D6,366065D427,FRESA,1,USATO,DIAMANTATE 1,
BRCL01044C,JONGEN,FRESA LUNGA D12,D12,VHM 19210 KD14 D12,FRESA,1,USATO,RIAFFILATE1,
,BURZONI,PUNTA TD850 D7.8 KP60,D7.8,,PUNTA,2,NUOVO,PUNTE2,
BRCL000400000408,CERATIZIT,WNT PUNTA D7.6,D7.6,10734076,PUNTA,1,USATO,PUNTE2,
,RAFF,FRESA RIAFFILATA D18,D18,02985,FRESA,1,USATO,RIAFFILATE1,
,CERATIZIT,WNT PUNTA D8.5,D8.5,1170208500,PUNTA,2,USATO,PUNTE2,
,RAFF,OSG PUNTA D8.6,D8.6,,PUNTA,1,USATO,PUNTE2,
,RAFF,PUNTA YG D8.7,D8.7,DH452087,PUNTA,1,USATO,PUNTE2,
,RAFF,OSG PUNTA D 8.6,D8.6,,PUNTA,1,USATO,PUNTE2,
,TRED,PUNTA D8.5,D8.5,9150 8.5 K/P T-RED,PUNTA,1,USATO,PUNTE2,
,BURZONI,PUNTA TD850GP 0880 MDI,D8.8,,PUNTA,0,USATO,PUNTE2,
,BURZONI,PUNTA D8.5 TD850GP 0850 MDI,D8.5,,PUNTA,1,NUOVO,PUNTE2,
,BURZONI,PUNTA D9 TD850GP 0900 KR60,D9,,PUNTA,1,NUOVO,PUNTE2,
,BURZONI,PUNTA D9.6 TD850GP 0960 KR60,D9.6,,PUNTA,5,NUOVO,PUNTE2,
,CERATIZIT,WNT PUNTA  D9.8,D9.8,11 703 09800,PUNTA,2,NUOVO,PUNTE2,
,BURZONI,PUNTA D9.8 TD850GP 0980 KR60,D9.8,,PUNTA,4,NUOVO,PUNTE2,
,BURZONI,PUNTA D9.1 TD850GP 0910 KR60,D9.1,,PUNTA,8,NUOVO,PUNTE2,
,BURZONI,PUNTA D9.2 TD850 D9.2 KP60,D9.2,,PUNTA,2,NUOVO,PUNTE2,
,CERATIZIT,PUNTA D9.5,D9.5,11 702 09000,PUNTA,1,NUOVO,PUNTE2,
,FIMU,KENNAMETAL PUNTA D9.8,D9.8,B966A09800,PUNTA,1,NUOVO,PUNTE2,
,CERATIZIT,PUNTA D10  5XD,D10,11 702 10000,PUNTA,2,NUOVO,PUNTE2,
,CERATIZIT,PUNTA D9.8  8XD,D9.8,11 704  09800,PUNTA,1,NUOVO,PUNTE2,
,BURZONI,PUNTA D10.1 TD850GP 1100 MDI,D10.1, ,PUNTA,1,NUOVO,PUNTE2,
,BURZONI,PUNTA D10.2 TD850GP 1020 MDI,D10.2,,PUNTA,3,USATO,PUNTE2,
,CERATIZIT,WNT PUNTA D10,D10,K10 R100 D10,PUNTA,1,USATO,PUNTE2,
,CERATIZIT,WNT PUNTA D10,D10,1170310000,PUNTA,1,USATO,PUNTE2,
BRCL00467C,CERATIZIT,PUNTA D10.2,D10.2,11 702 10200,PUNTA,3,NUOVO,PUNTE2,
,BURZONI,PUNTA TD850GP 1080 KR60,D10.8,,PUNTA,2,USATO,PUNTE2,
,BURZONI,PUNTA TD850GP 1050 MDI,D10.5,,PUNTA,2,USATO,PUNTE2,
,BURZONI,PUNTA TD850GP 1100 MDI,D11,,PUNTA,1,USATO,PUNTE2,
,OSSOLANA,PUNTA D10.7  H7,D10.7,,PUNTA,1,NUOVO,PUNTE2,
,CERATIZIT,PUNTA D10.5 5DX,D10.5,,PUNTA,1,NUOVO,PUNTE2,
,CERATIZIT,WNT PUNTA D11.8,D11.8,,PUNTA,1,USATO,PUNTE2,
,BURZONI,PUNTA TD850GP 1100 KR60,D11,,PUNTA,2,NUOVO,PUNTE2,
,BURZONI,PUNTA TD850GP 1170 KR60,D11.7,,PUNTA,2,NUOVO,PUNTE2,
,BURZONI,PUNTA TD850GP 1100 MDI,D11,,PUNTA,3,USATO,PUNTE2,
,BURZONI,PUNTA D11.5,D11.5,,PUNTA,1,USATO,PUNTE2,
,RAFF,OSG PUNTA D8.6,D8.6,,PUNTA,1,USATO,PUNTE2,
,RAFF,OSG PUNTA D12,D12,43011220,PUNTA,2,NUOVO,PUNTE2,
,BURZONI,PUNTA TD850GP 1250 KR60,D12.5,,PUNTA,2,NUOVO,PUNTE2,
,BURZONI,PUNTA TD850GP 1200 KR60,D12,,PUNTA,3,USATO,PUNTE2,
BRCL0004000003656,CERATIZIT,PUNTA 11 702 12000,D12,,PUNTA,1,NUOVO,PUNTE2,
,CERATIZIT,WNT PUNTA 10 105 123,D12.3,,PUNTA,1,NUOVO,PUNTE2,
,CERATIZIT,WNT PUNTA 11 703 12000,D12.5,,PUNTA,3,NUOVO,PUNTE2,
,BURZONI,PUNTA TD850GP 1050 MDI,D10.5,,PUNTA,3,USATO,PUNTE2,
,CERATIZIT,WNT PUNTA D13,D13,10 107 130,PUNTA,1,NUOVO,PUNTE2,
,CERATIZIT,PUNTA D13,D13,10 787 1300,PUNTA,1,NUOVO,PUNTE2,
,YG1,PUNTA D15,D15,,PUNTA,1,USATO,PUNTE2,
,RAFF,KARNASCH PUNTA D2.3 L14 CARBONIO,D2.3,,PUNTA,1,NUOVO,PUNTE3,
,RAFF,KARNASCH PUNTA D2 X11 CARBONIO,D2,,PUNTA,2,NUOVO,PUNTE3,
,JONGEN,PUNTA D2 CARBONIO,D2,VHB 3395 MK10,PUNTA,2,NUOVO,CASS.SPARKWING,
,RAFF,KARNASCH PUNTA D2.5 X14,D2.5,,PUNTA,2,NUOVO,PUNTE3,
,RAFF,KARNASCH PUNTA D3.5,D3.5 ,,PUNTA,1,NUOVO,PUNTE3,
,RAFF,KARNASCH PUNTA D3 X12,D3,,PUNTA,15,NUOVO,PUNTE3,
,RAFF,KARNASCH PUNTA D3.1,D3.1,,PUNTA,1,NUOVO,PUNTE3,
,RAFF,KARNASCH PUNTA D3.2 X14,D3.2,,PUNTA,3,NUOVO,PUNTE3,
,RAFF,KARNASCH PUNTA D4.4,D4.4,,PUNTA,1,USATO,PUNTE3,
,RAFF,KARNASCH PUNTA D4.3 L29,D4.3,,PUNTA,3,NUOVO,PUNTE3,
,CERIN,CERIN PUNTA D4,D4,,PUNTA,1,USATO,PUNTE3,
,RAFF,KARNASCH PUNTA D4.5 L18,D4.5,,PUNTA,3,USATO,PUNTE3,
,RAFF,KARNASCH PUNTA D5.1 L35,D5.1,,PUNTA,6,NUOVO,PUNTE3,
,RAFF,KARNASCH PUNTA D5.8 X20,D5.8,,PUNTA,2,NUOVO,PUNTE3,
,RAFF,KARNASCH PUNTA D5.5,D5.5,,PUNTA,2,USATO,PUNTE3,
,RAFF,KARNASCH PUNTA D5.8 L35,D5.8,,PUNTA,2,NUOVO,PUNTE3,
,HOFFMAN,SPPW PUNTA D5.1 L28,D5.1,,PUNTA,3,NUOVO,PUNTE3,
,RAFF,KARNASCH PUNTA D5.5,D5.5,,PUNTA,1,USATO,PUNTE3,
,RAFF,KARNASCH PUNTA D5.6 L43,D5.6,,PUNTA,2,NUOVO,PUNTE3,
,RAFF,KARNASCH PUNTA D6 X65,D6,,PUNTA,1,USATO,PUNTE3,
,RAFF,KARNASCH PUNTA D6 ,D6 ,,PUNTA,1,NUOVO,PUNTE3,
,RAFF,KARNASCH PUNTA D6 X20,D6,,PUNTA,3,NUOVO,PUNTE3,
,RAFF,KARNASCH PUNTA D6.1  X43,D6.1,,PUNTA,1,USATO,PUNTE3,
BRCL00365C,RAFF,KARNASCH PUNTA D7.1  X43,D7.1,,PUNTA,2,NUOVO,PUNTE3,
,RAFF,KARNASCH D7.2,D7.2,,PUNTA,1,NUOVO,PUNTE3,
,SPPW,PUNTA D8.5 X80 CARBONIO,D8.5,,PUNTA,2,NUOVO,CASS.SPARKWING,
,,PUNTA KEVLAR D8.5,D8.5,,PUNTA,2,USATO,PUNTE3,
,,PUNTA CARBONIO D8.5,D8.5,,PUNTA,1,USATO,PUNTE3,
,RAFF,KARNASCH PUNTA D8  L3=2,D8,,PUNTA,1,NUOVO,PUNTE3,
,YG1,PUNTA CARBONIO D8,D8,,PUNTA,3,NUOVO,PUNTE3,
,FIMU,KENNAMETAL PUNTA D8.6,D8.6,,PUNTA,1,NUOVO,PUNTE3,
,RAFF,KARNASCH PUNTA D7.1,D7.1 ,,PUNTA,1,USATO,PUNTE3,
,RAFF,KARNASCH PUNTA D8,D8,,PUNTA,1,USATO,PUNTE3,
,CERIN,CERIN PUNTA D9 CARBONIO,D9,,PUNTA,1,USATO,PUNTE3,
BRCL01048C,RAFF,KARNASCH PUNTA D8.8  L103,D8.8,,PUNTA,1,NUOVO,PUNTE3,
,BURZONI,PUNTA VETRO D8,D8,,PUNTA,5,NUOVO,PUNTE3,
,RAFF,KARNASCH PUNTA D12X0.56,D12,,PUNTA,2,NUOVO,PUNTE3,
,,PUNTA CARBONIO D12.4,D12.4,,PUNTA,1,USATO,PUNTE3,
,,PUNTA PER SVASATORE ALI 113,,,SVASATORE,1,USATO ,SMUSSATORI,
,,SMUSSATORE D11 100°,D11,,SVASATORE,1,USATO,SMUSSATORI,
,CERATIZIT,WNT SMUSSATORE D12 36°,D12,,SVASATORE,1,USATO,SMUSSATORI,
,RAFF,FRCO SMUSSATORE D20 100°,D20,,SVASATORE,1,USATO,SMUSSATORI,
BRCL01163C,RAFF,SMUSSATORE D10 90°,D10,RAFF-SDT90-D.10,SVASATORE,1,NUOVO,CASS.DUCATI,
,RAFF,SMUSSATORE D8,D8,,SVASATORE,2,NUOVO,SMUSSATORI,
,BURZONI ,SMUSSATORE D30,D30,,SVASATORE,5,USATO,SMUSSATORI,
,BURZONI,SMUSSATORE D6.3,T S90 0630 KP60,,SVASATORE,2,NUOVO,SMUSSATORI,
,BURZONI,SMUSSATORE D16.5,D16.5,,SVASATORE,1,USATO,SMUSSATORI,
,,SMUSSATORE D12 50°,D12,,SVASATORE,1,USATO,SMUSSATORI,
,POLLEDRI,POLLEDRO D11,D11,10.11.110,POLLEDRO,2,NUOVO,POLLEDRI,
,POLLEDRI,POLLEDRO D13,D13,10.11.130,POLLEDRO,1,NUOVO,POLLEDRI,
,POLLEDRI,GUIDA O/F D6.5,D6.5,10.16.065,POLLEDRO,1,NUOVO,POLLEDRI,
,,LAMATORE ALI DALLARA,,PSAG-10-7.9-L7,LAMATORE,1,USATO,POLLEDRI,
,POLLEDRI,POLLEDRO D8,D8,11.16.080,POLLEDRO,2,NUOVO,POLLEDRI,
,POLLEDRI,POLLEDRO D6,D6,11.16.060,POLLEDRO,1,NUOVO,POLLEDRI,
,POLLEDRI,POLLEDRO D10,D10,11.16.100,POLLEDRO,1,NUOVO,POLLEDRI,
,POLLEDRI,POLLEDRO D14,D14,60.01.140,POLLEDRO,3,NUOVO,POLLEDRI,
,POLLEDRI,POLLEDRO D16,D16,60.01.160,POLLEDRO,2,NUOVO,POLLEDRI,
,GRANLUND,OF 12.5,D12.5,,POLLEDRO,1,NUOVO,POLLEDRI,
,POLLEDRI,POLLEDRO D15,D15,11.11.150,POLLEDRO,1,NUOVO,POLLEDRI,
,POLLEDRI,POLLEDRO D19,D19,11.11.190,POLLEDRO,1,NUOVO,POLLEDRI,
,POLLEDRI,POLLEDRO D4,D4,10.16.040,POLLEDRO,1,NUOVO,POLLEDRI,
,POLLEDRI,POLLEDRO D6,D6,10.16.060,POLLEDRO,1,NUOVO,POLLEDRI,
,POLLEDRI,POLLEDRO D15 90°,D15,10.12.150,POLLEDRO,1,NUOVO,POLLEDRI,
BRCL01416C,FIMU,GUHRING FRESA METALLO DURO D6,D6,2910-6.004 DIN371,FRESA,2,USATO,FRESA METALLI1,
,HOFFMAN,GARANT FRESA CARBONIO D12/05,D12,209760 12/05,FRESA,5,USATO,FRESA METALLI2,
BRCL00187C,RAFF,KARNASCH FRESA DIAMANTATA D4,D4 L2=16,291763.0400.16,FRESA,3,NUOVO,DIAMANTATE 1,
,RAFF,OSG PUNTA METALLO DURO D3.2 8D,D3.2,8684320,PUNTA,1,NUOVO,PUNTE1,
,RAFF,OSG PUNTA METALLO DURO D4.3  8D,D4.3,8684430,PUNTA,1,NUOVO,PUNTE1,
,CERATIZIT,INSERTI FRESA SFERICA D25,D25,5614736800,INSERTI,4,USATO,INSERTI FRESA,
,FIMU,GUHRING PUNTA METALLO DURO D2.05,D2.05,6488-2.050,PUNTA,1,NUOVO,PUNTE1,
,FIMU,GUHRING PUNTA METALLO DURO D1.8,D1.8,6400-1.800,PUNTA,1,NUOVO,PUNTE1,
,FIMU,KENNAMETAL PUNTA D1.5,D1.5,B051A01500CPG,PUNTA,1,NUOVO,PUNTE1,
,RAFF,OSG PUNTA METALLO DURO D1.6 X12,D1.6,8577160,PUNTA,1,NUOVO,PUNTE1,
,FIMU,GUHRING PUNTA METALLO DURO D3.25  X8,D3.25,5768-3.25,PUNTA,2,NUOVO,PUNTE2,
BRCL01071C,FIMU,GUHRING ALESATORE D2 H7,D2,1429-2.000,ALESATORE,1,NUOVO,ALESATORI,
,RAFF,CERIN FRESA D8,D8 X32,68SX 0800932100DM,FRESA,1,NUOVO,DIAMANTATE 1,
BRCL000400000075,FIMU,SECO FRESA DIAMANTATA D8,D8 X80,6042378,FRESA,1,USATO,DIAMANTATE 1,
,JONGEN,FRESA DIAMANTATA D8,D8,         VHM 19406 KD14,FRESA,0,NUOVO,DIAMANTATE 1,
,JONGEN,FRESA DIAMANTATA D8,D8,VHM,FRESA,1,NUOVO,DIAMANTATE 1,
,HOFFMAN,HOLEX PETTINE INGLESE GAS,,139707 G1/2,PETTINE,1,NUOVO,PRTTINI,
,FIMU,SECO FRESA DIAMANTATA D12,D12,5991125,FRESA,1,NUOVO,DIAMANTATE 1,
BRCL01376C,FIMU,GUHRING PUNTA ALLUMINIO NUDA D5,D5,1149-6.000,PUNTA,1,NUOVO,DIAMANTATE 1,
BRCL01402C,HOFFMAN,SPPW PUNTA D5.5 CRESTA DI GALLO,D5.5,7631 180 0550HC,PUNTA,1,NUOVO,PUNTE3,
BRCL01353,RAFF,SMUSSATORE D20 82°,D20,02985,SMUSSATORE,1,NUOVO,SMUSSATORI,
BRCL01352C,RAFF,SMUSATORE D20 100°,D20,02985,SMUSSATORE,1,NUOVO,SMUSSATORI,
BRCL01414C,DC,DC MASCHIO AMERICANO 5/16,5/16  18,SA350-3,MASCHIO,0,NUOVO,MASCHI A,
BRCL01375C,NOVATEA,NOVATEA INSERTO FRESA PETTINE,413.00ISO028,007VTX/007TMVBX,INSERTI,2,NUOVO,INSERTI FRESA,
BRCL01049C,FIMU,GUHRING MASCHIO AMERICANO 5/16,5/16 18USC,HSSE 22919707,MASCHIO,1,NUOVO,MASCHI A,
,CERATIZIT,WNT PUNTA D9.8  140°,D9.8,1170309800,PUNTA,1,NUOVO,PUNTE2,
,RAFF,KARNASCH FRESA RIAFFILATA D16 L2,D16,291763305239,FRESA,1,RIAFFILATA,DIAMANTATE 1,
,HOFFMAN,HOLEX ALESATORE D10,D10,4045197937247,ALESATORE,1,NUOVO,ALESATORI,
BRCL01358C,FIMU,SECO ALESATORE D 9.533,D9.533,6230210,ALESATORE,1,NUOVO,ALESATORI,
,HOFFMAN,SPPW PUNTA CARBONIO D7,D7,731 180 0700HC,PUNTA,2,NUOVO,PUNTE3,
BRCL01372C,FIMU,GUHRING ALESATORE D16 H7,D16,K10 23575490,ALESATORE,1,NUOVO,ALESATORI,
,CERATIZIT,WNT FRESA METALLO DURO D7,D7,53 613 07400,FRESA,1,NUOVO,FRESA METALLI1,
,FIMU,GUHRING INSERTI FRESA D17.5,D17.5 ,K/P23490704,INSERTI,5,NUOVO,INSERTI FRESA,
,FIMU,GUHRING INSERTI FRESA D13 UR,D13,4115-1300,INSERTI,0,NUOVO,INSERTI FRESA,
,FIMU,SECO FRESA  D16  R1=2,D16,5964752,FRESA,1,USATO,FRESA METALLI2,
BRCL01359C,FIMU,GUHRING ALESATORE D10  H7,D10,K10 23603347,ALESATORE,1,NUOVO,ALESATORI,
,BERCELLA,INSERTO TELAIO IR27 FESATO,D31.3,,INSERTI,1,NUOVO,ALESATORI,
,BERCELLA,INSERTO TELAIO IR27 STAMPATO,,,INSERTI,1,NUOVO,ALESATORI,
,FIMU,GUHRING MASCHIO AMERICANO 1/2 13 UNC,1/2 13 ,HSSE 23074489,MASCHIO,1,NUOVO,MASCHI A,
BRCL00054,JONGEN,INSERTI FRESA KD16,JMB16-85R03-KD16,B16B-ER,INSERTI,3,NUOVO,INSERTI FRESA,
,RAFF,FRESA D11.33,D11.33 R1,02985-FWT3120,FRESA,1,USATO,FRESA METALLI2,
,FIMU,GUHRING MASCHIO M10,M10 15/118.1,,MASCHIO,1,USATO,MASCHI,
BRCL01366,FIMU,SECO INSERTI FRESA TCGT32.51 F-AL,TCGT32.51 F-AL,00015861,INSERTI,9,NUOVO,INSERTI FRESA,
,CARMEX,CARMEX INSERTI FRESA 14 I 2.5 ISO,14 I 2.5 ISO,0050400111,INSERTI,2,NUOVO,INSERTI FRESA,
,FIMU,GUHRING PUNTA D5  K10 K20,D5,23660736,PUNTA,0,NUOVO,PUNTE1,
,TUNGALOY,MASCHIO M10 6HX,M10 6HX,,MASCHIO,1,USATO,MASCHI,
BRCL01290C,HOFFMAN,GARANT INSERTI FRESA 1.5 HB7720,D1.5,045197707062,INSERTI,1,NUOVO,INSERTI FRESA,
BRCL01291C,HOFFMAN,GARANT FRESA A INTERPOLAZIONE 18L,18L,217252,FRESA ,1,USATO,FRESA METALLI1,
BRCL01289,HOFFMAN,INSERTI FRESA CCQT,CCQT 06204L,,INSERTI,4,NUOVO,INSERTI FRESA,
,CERATIZIT,WNT FRESA METALLO DURO D12/2.0,D12,0093591115,FRESA,1,USATO,FRESA METALLI2,
,RAFF,MITSUBISHI INSERTI FRESA CCGH21.51LF,CCGH21.51LF,FP8682ZGJM3GY,INSERTI,4,NUOVO,INSERTI FRESA,
BRCL01230C,,INSERTI FRESA A DISCO 1.5MM,D1.5,217297,INSERTI,0,NUOVO,INSERTI FRESA,
,BERCELLA,ATTREZZI TELAIO DUCATI,VARIE,,MONTAGGIO DUCATI,6,NUOVO,PUNTE1.6 PANNELLI,
BRCL01403,HOFFMAN,SPPW PUNTE ELICA VHM DIAMANTATE D6.5 L72X31,D6.5,7311800650,PUNTA,1,NUOVO,PUNTE3,
BRCL00853,HOFFMAN,HOLEX ALESATORE D10,D10,160150,ALESATORE,1,NUOVO,ALESATORI,
BRCL01405,HOFFMAN,SPPW PUNTE D9 DIAMANTATE,D9,7311800900,PUNTA,2,NUOVO,PUNTE3,
BRCL01377,FIMU,GUHRING PUNTA D8 CRESTA DI GALLO,D8,K10K2023802644,PUNTA,1,NUOVO,PUNTE3,
,BURZONI,FRESA METALLO DURO D12,D12,,FRESA,3,USATE,BELOTTIC1,
,BURZONI,FRESA METALLO DURO D12,D12,,FRESA,1,USATO,BELOTTIC1,
,,FRESA METALLO DURO D12 X 28.5,D12,,FRESA,1,USATO ,BELOTTIC1,
,BURZONI,FERSA METALLO DURO D10  X 22.6,D10,,FRESA,1,USATO,BELOTTIC1,
,RAFF,OSG FRESA METALLO DURO D10 X 29,D10,,FRESA,1,NUOVO,BELOTTIC1,
,CERATIZIT,WNT FRESA DIAMANTATA D10  X 23,D10,,FRESA,1,USATO,BELOTTIC1,
,CERATIZIT,WNT FRESA DIAMANATAT D12 X 26.5,D12,,FRESA,1,USATO,BELOTTIC1,
,RAFF,FRESA DIAMANTATA D6,D6 X 19,,FRESA,1,USATO ,BELOTTIC1,
,CERATIZIT,WNT FRESA METALLO DURO D 3.5  X15.5,D3.5,,FRESA,1,USATO,BELOTTIC1,
,RIME,FRESA NUDA D 5,D5 R0.1,,FRESA,3,USATO,BELOTTIC1,
,BURZONI,FRESA METALLO DURO D6,D6 X 18,,FRESA,2,USATO,BELOTTIC1,
,FAPIL,FRESA NUDA D16X120X72,D16,,FRESA,1,USATISSIMO,BELOTTIC1,
,RAFF,FRESA NUDA D8,D8 R1,,FRESA,1,USATO,BELOTTIC1,
,RAFF,FRESA NUDA D8,D8 R0.2,,FRESA,1,USATO,BELOTTIC1,
,BURZONI,FRESA DIAMANTATA D8,D8 X 12,,FRESA,1,USATO,BELOTTIC1,
,RAFF,FRESA NUDA D8,D8 R0.2,,FRESA,1,USATO,BELOTTIC1,
,RIME,FRESA METALLO DURO D6,D6 R0.5,,FRESA,1,USATO,BELOTTIC1,
,BURZONI,FRESA METALLO DURO D20,TMDG 41200 MDI,,FRESA,3,USATISIMO,BELOTTIC1,
,,FRESA MEALLO DURO D16 X 46.5,D16,,FRESA,1,USATO,BELOTTIC1,
,,FRESA NUDA D19 X 54,D19,,FRESA,1,USATO,BELOTTIC1,
,CERATIZIT,WNT FRESA METALLO DURO D12,D12,0093480833,FRESA,4,USATO,BELOTTIC1,
,HOFFMAN,GARANT FRESA METALLO DURO D11,D11,0094106807,FRESA,1,USATO,BELOTTIC1,
,HOFFMAN,GARANT FRESA METALLO DURO D6,D6,0094390955,FRESA,1,USATO,BELOTTIC1,
,CERATIZIT,WNT FRESA METALLO DURO D4,D4,53523050,FRESA,2,USATO,BELOTTIC1,
,BURZONI ,FRESA A GRATTUGIA D8,D8 K40 E100,,FRESA,3,USATO ,BELOTTIC1,
,CERATIZIT,WNT FRESA METALLO DURO D6,D6,,FRESA,1,USATO,BELOTTIC1,
,CERATIZIT,WNT FRESA METALLO DURO D5,D5,,FRESA,1,USATO,BELOTTIC1,
,HOFFMAN,GARANT FRESA METALLO DURO D7,D7,0094064631,FRESA,2,USATO,BELOTTIC1,
BRCL000400000137,HOFFMAN,FRESA METALLO DURO D8,D8,202272,FRESA,0,NUOVO,BELOTTIC1,
,HOFFMAN,FRESA RIAFFILATA D6,D6 ,0093954358,FRESA,1,RIAFFILATA,BELOTTIC1,
,CERATIZIT,WNTFRESA METALLO DURO D6,D6,53 618 06200,FRESA,1,USATO,BELOTTIC1,
,BURZONI ,FRESA METALLO DURO D8,TMDG 41080 MDI,,FRESA,1,USATO,BELOTTIC1,
,CERATIZIT,WNT FRESA METALLO DURO D20,D20,54 070 20200,FRESA,1,USATO,BELOTTIC1,
,RAFF,FRESA RIAFFILATA D16,D16,,FRESA,1,RIAFFILATA,BELOTTIC1,
,RAFF,KARNASCH FRESA DIAMANTATA D10  X60,D10,,FRESA,1,USATO,BELOTTIC1,
,CERIN,CERIN FRESA DIAMANTATA D8,D8,,FRESA,1,USATO,BELOTTIC1,
,FIMU,KENNAMETAL FRESA DIAMANTATA D11.9,"D11,9",,FRESA,1,USATO,BELOTTIC1,
,FIMU,KENNAMETAL FRESA DIAMANTATA D6,D6,,FRESA,1,USATO ,BELOTTIC1,
,FRANCO,FRESE SPECIALI FRANCO,VARIE,,FRESA,3,USATO,BELOTTIC1,
,RAFF,FRESA DIAMANTATA D16,D16,,FRESA,1,USATO,BELOTTIC1,
,CERATIZIT,FRESA NUDA D12 LUNGA,D12,,FRESA,3,USATO ,BELOTTIC1,
,CERATIZIT,WNT FRESA NUDA D12,D12,,FRESA,1,USATO,BELOTTIC1,
,,FRESA METALLO DURO D14,D14,,FRESA,1,USATO,BELOTTIC1,
,RIME,RIME FRESA A PUNTA D10,D10,,FRESA,1,USATO,BELOTTIC1,
,FIMU,KENNAMETAL FRESA DIAMANTATA D 8,D8,CCNC0800A4BH,FRESA,1,USATO ,BELOTTIC1,
,,FRESA A INSERTI D20,D20,,FRESA,1,USATO,BELOTTIC2,
,,FRESA SFERICA METALLO DURO D12,D12,,FRESA,1,USATO,BELOTTIC2,
,RIME,FRESA METALLO DURO D1.1,D1.1,HTQ11/06,FRESA,1,NUOVO,BELOTTIC2,
,,FRESA NUDA SFERICA D2,D2,,FRESA,1,NUOVO,BELOTTIC2,
,,FRESA NUDA D1.3,D1.3,,FRESA,1,NUOVO,BELOTTIC2,
,,FRESA METALLO DURO D2,D2,,FRESA,1,NUOVO,BELOTTIC2,
,,FRESA NUDA SFERICA D1,D1,,FRESA,1,NUOVO,PUNTE 1.6 PANNELLI,
,,FRESA NUDA SFERICA D1.5,D1.5,,FRESA,1,NUOVO,BELOTTIC2,
,,FRESA NUDA SFERICA D2,D2,,FRESA,1,NUOVO,BELOTTIC2,
,BURZONI,FRESA METALLO DURO SFERICA D4,TMB 210 0400 L250 MDI,,FRESA,2,USATO,BELOTTIC2,
,BURZONI,FRESA METALLO DURO SFERICA D4,TMB 210 0400 L350 MDI,,FRESA,1,USATO,BELOTTIC2,
,BURZONI,FRESA METALLO DURO SFERICA D4,SCC 040 200 XL 75B MDI,,FRESA,1,USATO,BELOTTIC2,
,RIME,FRESA NUDA SFERICA D4,D4,HM6/02,FRESA,1,USATO,BELOTTIC2,
,GAIT,FRESA SFERICA NUDA D20,D20,FR19.8,FRESA,1,USATO,BELOTTIC2,
,GAIT,FRESA SFERICA NUDA D20,D20,FR19.98,FRESA,1,USATO,BELOTTIC2,
,,FRESA NUDA SFERICA D12 X40X150,D12,Z2 R6+SO,FRESA,1,USATO,BELOTTIC2,
,,FRESA SFERICA NUDA D6,D6,,FRESA,1,USATO,,
,,FRESA NUDA SFERICA D3,D3,,FRESA,1,USATO,BELOTTIC2,
,UOP,FRESA METALLO DURO SFERICA D3,D3,,FRESA,1,USATO,BELOTTIC2,
,BURZONI,FRESA SFERICA METALLO DURO D6,TMDG 24060 MDI,,FRESA,1,NUOVO,BELOTTIC2,
,,FRESA SFERICA NUDA GRATTUGIA D6,D6,,FRESA,1,USATO,BELOTTIC2,
,CERATIZIT,WNT FRESA SFERICA METALLO DURO D4,D4,50 953 041,FRESA,1,NUOVO,BELOTTIC2,
,CERATIZIT,FRESA NUDA SFERICA D6,D6,53 609 060,FRESA,1,NUOVO,BELOTTIC2,
,BURZONI,FRESA SFERICA METALLO DURO D8,SN 080 L MDI,,FRESA,3,USATO,BELOTTIC2,
,RAFF,FRESA RIAFFILATA NUDA SFERICA D8,D8,,FRESA,1,USATO,BELOTTIC2,
,CERATIZIT,FRESA SFERICA NUDA D8,D8,53 511 080,FRESA,1,NUOVO,BELOTTIC2,
,,FRESA SFERIC DIAMANTATA D10,D10,,FRESA,0,USATO,BELOTTIC2,
,CERATIZIT,WNT FRESA SFERICA NUDA D10.075,D10.075,53 511 100,FRESA,1,USATO,BELOTTIC2,
,BURZONI,FRESA SFERICA METALLO DURO D10,LS100 MDI,,FRESA,1,USATO,BELOTTIC2,
,,FRESA SFERICA NUDA D10,D10,,FRESA,1,USATO,BELOTTIC2,
,FAPIL,FRESA A INSERTI SFERICA D40,D40,FCS 02 04033 RD,FRESA,1,USATO,BELOTTIC2,
,RAFF,FRESA SFERICA A GRATTUGIA DIAMANTATA D9.3,D9.3,,FRESA,1,USATO,BELOTTIC2,
,,FRESA SFERICA NUDA D12 X30,D12,,FRESA,1,USATO,BELOTTIC2,
,,FRESA SFERICA NUDA D12 X53,D12,,FRESA,2,USATO,BELOTTIC2,
,,FRESA SFERICA NUDA D10.3,"D10,3",,FRESA,1,USATO,BELOTTIC2,
,,FRESA SFERICA NUDA D18.4,D18.4,,FRESA,1,USATO,BELOTTIC2,
,,FRESA SFERICA NUDA D17.5,D17.5,,FRESA,1,USATO,BELOTTIC2,
,,FRESA SFERICA NUDA D9.85,D9.85,,FRESA,1,USATO,BELOTTIC2,
,FAPIL,FRESA A INSERTI D20,D20,FCS 01 02060 RD,FRESA,1,USATO,BELOTTIC2,
,,FRESA SFERICA NUDA D9.6,D9.6,,FRESA,1,USATO,BELOTTIC2,
,RAFF,FRESA RIAFFILATA SFERICA NUDA D12,D12,,FRESA,1,USATO,BELOTTIC2,
,MFM,FRESA SFERICA NUDA CORTA D12 8N,D12,W334081,FRESA,1,USATO,BELOTTIC2,
,RAFF,FRESA SFERICA NUDA D10  L140,D10,02985,FRESA,1,USATO,BELOTTIC2,
,,PUNTA D5.8 METALLO DURO,D5.8 ,C008UK,PUNTA,3,USATO,BELOTTIC3,
,FIMU,KARNASCH PUNTA DIAMANTATA D2.2 X40,D2.2,290120.0220.014,PUNTA,1,NUOVO,BELOTTIC3,
,FIMU,GUHRING PUNTA CREST DI GALLO D6  XK10/20,D6,01024,PUNTA,1,USATO,BELOTTIC3,
,YG1,PUNTA METALLO DURO D4,D4,,PUNTA,1,USATO ,BELOTTIC3,
,,PUNTA CRESTA DI GALLO D4,D4,,PUNTA,2,USATO,BELOTTIC3,
,BURZONI,PUNTA METALLO DURO T43 0350 HSSE,D3.5,,PUNTA,1,USATO,BELOTTIC3,
,BURZONI,PUNTA METALLO DURO TD850 0430MDI,D4.3,,PUNTA,1,NUOVO,BELOTTIC3,
,,PUNTA CRESTA DI GALLO D4.2,D4.2,,PUNTA,1,NUOVO,BELOTTIC3,
,,PUNTA CRESTA DI GALLO D3.3,D3.3,,PUNTA,6,NUOVO,BELOTTIC3,
,BURZONI,PUNTA CRESTA DI GALLO T43 0250 HSSE,D2.5,,PUNTA,1,NUOVO,BELOTTIC3,
,,PUNTA CRESTA DI GALLO D3,D3,,PUNTA,0,NUOVO,BELOTTIC3,
,,PUNTA CRESTA DI GALLO D3.2,D3.2,,PUNTA,3,NUOVO,BELOTTIC3,
,YG1,PUNTA METALLO DURO D2.8,D2.8,,PUNTA,1,NUOVO,BELOTTIC3,
,BURZONI,PUNTA METALLO DURO TD 850GP 0480 MDI,D4.8,,PUNTA,1,USATO,BELOTTIC3,
,BURZONI,PUNTA METALLO DURO TD 850GP 0480 MDI,D4.5,,PUNTA,0,USATO,BELOTTIC3,
,CERATIZIT,WNTPUNTA D4.2,D4.2,T400092920082,PUNTA,1,NUOVO,BELOTTIC3,
,BURZONI,PUNTA METALLO DURO TD850GP 0350 MDI,D3.5,,PUNTA,1,USATO,BELOTTIC3,
,BURZONI,PUNTA METALLO DURO T43 0450 HSSE,D4.5,,PUNTA,1,USATO,BELOTTIC3,
,,PUNTA METALLO DURO D3.5,D3.5,,PUNTA,1,USATO,BELOTTIC3,
,RAFF,KARNASCH PUNTA DIAMANTATA D5,D5,290120.0510.035,PUNTA,1,USATO,BELOTTIC3,
,YG1,PUNTA CRESTA DI GALLO D5X6X44X82,D5,DH424050,PUNTA,1,USATO,BELOTTIC3,
,YG1,PUNTA D5.4,D5.4,DH452054,PUNTA,2,USATO,BELOTTIC3,
,BURZONI,PUNTA PER VETRO D5 G5 LTOT80,D5,,PUNTA,1,USATO,BELOTTIC3,
,BURZONI,PUNTA D5  LTOT80 MDI,D5,,PUNTA,1,USATO,BELOTTIC3,
,BURZONI,PUNTA METALLO DURO T43 0520 HSSE,D5.2,,PUNTA,1,USATO,BELOTTIC3,
,BURZONI,PUNTA D5.2,D5.2,,PUNTA,1,USATO,BELOTTIC3,
,,PUNTA D5.6,D5.6,,PUNTA,1,USATO,BELOTTIC3,
,BURZONI,PUNTA METALLO DURO TD850 GP 0520 MDI,D5.2,,PUNTA,2,USATO,BELOTTIC3,
,BURZONI,PUNTA METALLO DURO TD850 GP 0600,D6,,PUNTA,3,USATO,,
,BURZONI,PUNTA METALLO DURO TD850 GP 0500MDI,D5,,PUNTA,2,USATO,BELOTTIC3,
,BURZONI,PUNTA METALLO DURO TD850 GP 0510 MDI,D5.1,,PUNTA,1,USATO,BELOTTIC3,
,,PUNTA METALLO DURO D6,D6,,PUNTA,1,USATO,BELOTTIC3,
,FIMU,KENNAMETAL PUNTA D7,D7,B966A07000,PUNTA,1,USATO,BELOTTIC3,
,YG1,PUNTA METALLO DURO D2.3X4X21X57,D2.3,DH424023,PUNTA,1,NUOVO,BELOTTIC3,
,BURZONI,PUNTA T43 D5.2 KP60,D5.2,,PUNTA,1,USATO,BELOTTIC3,
,BURZONI,PUNTA METALLO DURO TD850GP 0660 KR60,D6.6,,PUNTA,1,NUOVO,BELOTTIC3,
,BURZONI,PUNTA METALLO DURO TD850GP 0700 MDI,D7,,PUNTA,2,NUOVO,BELOTTIC3,
,CERATIZIT,WNT PUNTA METALLO DURO D6.2 140°,D6.2,00093591190,PUNTA,2,NUOVO,BELOTTIC3,
,BURZONI,PUNTA METALLO DURO TD850GP 0630 MDI,D6.3,,PUNTA,1,NUOVO,BELOTTIC3,
,BURZONI,PUNTA METALLO DURO TD850GP 0610 MDI,D6.1,,PUNTA,3,USATO,BELOTTIC3,
,UOP,PUNTA D6.5,D6.5,49120,PUNTA,1,USATO,BELOTTIC3,
,RAFF,KARNASCH PUNTA D6.4 L3,D6.4,43290120202,PUNTA,1,USATO,BELOTTIC3,
,,PUNTA MEYALLO DURO D7,D7,,PUNTA,1,USATO,BELOTTIC3,
,,PUNTINE PER TRAPANO D1.5,D1.5,,PUNTA,8,NUOVO,BELOTTIC3,
,RAFF,KARNASCH PUNTA DIAMANTATA D8  X43,D8,290120800043,PUNTA,2,NUOVO,BELOTTIC3,
,RAFF,KARNASCH PUNTA DIAMANTATA D6.5 L43,D6.5,290122,PUNTA,1,NUOVO,BELOTTIC3,
,BURZONI,PUNTA D7.6,D7.6,TD850 0760MDI,PUNTA,1,USATO,BELOTTIC3,
,BURZONI,PUNTA METALLO DURO T43 0750 HSSE,D7.5,,PUNTA,1,USATO,BELOTTIC3,
,CERIN,PUNTA CRESTA DI GALLO D9,D9,,PUNTA,1,USATO,BELOTTIC3,
,BURZONI,PUNTA METALLO DURO TD850GP 2000 KR60,D20,,PUNTA,1,USATO,BELOTTIC3,
,CERATIZIT,WNT FRESA METALLO DURO D2.5,D2.5,53 939 02500,FRESA,0,NUOVO,FRESA METALLI1,
,BURZONI,PUNTA METALLO DURO D8.5,D8.5,,PUNTA,2,USATO,BELOTTIC3,
,RAFF,KARNASCH PUNTA CRESTA DI GALLO CARBONIO D3,D3,29008CA,PUNTA,1,USATO,BELOTTIC3,
,RAFF,KARNASCH PUNTA CARBONIO D3.2X14,D3.2,29008B,PUNTA,5,USATO,BELOTTIC3,
,BURZONI,PUNTA METALLO DURO D8,D8,TD850GP0800MDI,PUNTA,1,USATO,BELOTTIC3,
,CERATIZIT,PUNTA METALLO DURO D8,D8,11 704 08000,PUNTA,1,USATO,BELOTTIC3,
,RAFF,CERIN PUNTA CRESTA DI GALLO D9,D9,,PUNTA,1,USATO,BELOTTIC3,
,TUNGALOY,PUNTA METALLO DURO D9.5,D9.5,T43 0950 HSSE,PUNTA,2,USATO,BELOTTIC3,
,,PUNTA METALLO DURO D8.3,D8.3,,PUNTA,1,USATO,BELOTTIC3,
,CERATIZIT,PUNTA METALLO DURO D10.2 5xD,D10.2,11 702 10200,PUNTA,1,USATO,BELOTTIC3,
,BURZONI,PUNTA METALLO DURO D8.8,D8.8,TD850 GP 0880 MDI,PUNTA,1,USATO,BELOTTIC3,
,BURZONI,PUNTA METALLO DURO D10.5,D10.5,TD850 GP 1050 MDI,PUNTA,1,USATO,BELOTTIC3,
,BURZONI,PUNTA METALLO DURO D10,D10,TD850 GP 1000 MDI,PUNTA,2,USATO,BELOTTIC3,
,BURZONI,PUNTA METALLO DURO D9.8,D9.8,TD850 GP 0980 MDI,PUNTA,1,USATO,BELOTTIC3,
,BURZONI,PUNTA METALLO DURO D8.5,D8.5,TD850 GP 0850 MDI,PUNTA,1,USATO,BELOTTIC3,
,BURZONI,PUNTA METALLO DURO D9.7,D9.7,TD850 GP 0970 MDI,PUNTA,1,USATO,BELOTTIC3,
,DORMER,PUNTA METALLO DURO D9.8 HSS A100,D9.8,,PUNTA,1,USATO,BELOTTIC3,
,CERATIZIT,WMT PUNTA METALLO DURO D10,D10,11 703 10000,PUNTA,1,USATO,BELOTTIC3,
,,PUNTA METALLO DURO D9,D9,,PUNTA,1,USATO,BELOTTIC3,
,,PUNTA METALLO DURO D9.6,D9.6,,PUNTA,1,USATO,BELOTTIC3,
,BURZONI,PUNTA METALLO DURO D11.7 KR60,D11.7,TD850 GP 1170 KR60,PUNTA,1,USATO,BELOTTIC3,
,RIME,SVASATORE D16,D16,,SVASATORE,1,USATO,BELOTTIC3,
,RIME,SVASATORE D8 MKS,D8,HM35 8 90 MKS 180304,SVASATORE,2,USATO,BELOTTIC3,
,,PORTA LAMATORE,D4,,,1,,BELOTTIC3,
,CERATIZIT,WNT PUNTA METALLO DURO D11.5,D11.5,11 703 11500,PUNTA,1,USATO,BELOTTIC3,
,BURZONI,PUNTA METALLO DURO D11,D11,T43 1100 HSSE,PUNTA,2,USATO,BELOTTIC3,
,BURZONI,PUNTA METALLO DURO D10,D10,T43 1000 HSSE,PUNTA,1,USATO,BELOTTIC3,
,,PUNTA METALLO DURO D10.7,D10.7,B966A10800 KC7315,PUNTA,1,USATO,BELOTTIC3,
,DORMER,PUNTA METALLO DURO D12 ,D12,6RS01283135,PUNTA,1,USATO,BELOTTIC3,
,HARTNER,PUNTA METALLO DURO D5,D5,,PUNTA,1,USATO,BELOTTIC3,
,DORMER,PUNTA METALLO DURO D5.5X200mm,D5.5,,PUNTA,1,USATO,BELOTTIC3,
,,PUNTA METALLO DURO D10,D10,,PUNTA,1,USATO,BELOTTIC3,
,,PUNTA METALLO DURO D9.5,D9.6,,PUNTA,1,USATO,BELOTTIC3,
,CARMON,PUNTA METALLO DURO D14,D14,,PUNTA,1,USATO,BELOTTIC3,
,,FRESA SPECIALE DIAMANTATA PIATTA,,,FRESA,1,USATO,BELOTTIC4,
,UOP,FRESA DIAMANTATA D16.5X4 X85,D16.5,,FRESA,1,USATO,BELOTTIC4,
BRCL000400000027,SANDVIK,ALESATORE MDI PER TORNITURA E06H,D6,E06H-STFCL 06-R,ALESATORE,1,USATO,BELOTTIC4,
,,FRESA PIATTA D45.5X10,D45.5,,FRESA,1,USATO,BELOTTIC4,
,,FRESA PIATTA DIAMANTATA D40X2-S1,D40,,FRESA,1,USATO,BELOTTIC4,
,SIMTEK,FRESA A DISCO METALLO DURO D7.6,D7.6,,FRESA,1,USATO,BELOTTIC4,
,,FRESA SPECIALE DIAMANTATA D32,D32,,FRESA,1,USATO,BELOTTIC4,
,RAFF,FRESA NUDA D15,D15,2985,FRESA,1,NUOVO,BELOTTIC4,
,BURZONI,SVASATORE D12.4,D12.4,TS90 1240 HSS,SVASATORE,1,USATO,BELOTTIC4,
,OMAL,"SVASATORE D10,4",D10.4,,SVASATORE,1,USATO,BELOTTIC4,
,,SVASATORED12.5,D12.5,,SVASATORE,1,USATO,BELOTTIC4,
,OMAL,SVASATORE D31 K20,D31,,SVASATORE,1,USATO,BELOTTIC4,
,CERATIZIT,ALESATORE D10 F7,D10,40 410 090,ALESATORE,1,USATO,BELOTTIC4,
,HOFFMAN,ALESATORE D9,D9,160150_9,ALESATORE,1,USATO,BELOTTIC4,
,,PUNTA CARBONIO D10,D10,,PUNTA,1,USATO,BELOTTIC4,
,BURZONI,SVASATORE D30,D30,,SVASATORE,1,USATO,BELOTTIC4,
,FORMAT,SVASATORE D6.3,D6.3,,SVASATORE,2,USATO,BELOTTIC4,
,,SPACCAMASCHIO D4,D4,,SPACCAMASCHIO,1,USATO,BELOTTIC4,
,HOFFMAN,SVASATORE D9,D9,160150_9,SVASATORE,1,USATO,BELOTTIC4,
,CERATIZIT,SVASATORE D10,D10,40 410 090,SVASATORE,1,USATO,BELOTTIC4,
,DORMER,FRESA PIATTA D40X4,D40,,FRESA,1,USATO,BELOTTIC4,
,RAFF,FRESA A T D15.5,D15.5,02985 FAT 16 SP20,FRESA,1,USATO,BELOTTIC4,
,,FRESA A INSERTI D60,D60,,FRESA,1,USATO,BELOTTIC4,
,UOP,ALESATORE D8 X95,D8,32105,ALESATORE,1,USATO,BELOTTIC4,
,UOP,ALESATORE D10 H7,D10,6245827,ALESATORE,1,USATO,BELOTTIC4,
,UOP,ALESATORE D11 X85,D11,321005,ALESATORE,1,USATO,BELOTTIC4,
,KOMET,ALESATORE D9 H7,D9,9.00.H7.DIN8093,ALESATORE,1,USATO,BELOTTIC4,
BRCL000402343601,UOP,ALESATORE D6 X85,D6,32105,ALESATORE,5,USATO,BELOTTIC4,
,,ALESATORE CUSTOM,D9.6,,ALESATORE,1,USATO,BELOTTIC4,
,ILIX,ALESATORE D6.35,D6.35,ILIX 6326C,ALESATORE,1,USATO,BELOTTIC4,
,OMAL,ALESATORE D6 H7,D6,740006,ALESATORE,1,USATO,BELOTTIC4,
,STOCK,ALESATORE D7 H7,D7,DIN 212-3-RN,ALESATORE,1,USATO,BELOTTIC4,
,,ALESATORE CUSTOM D14,D14,,ALESATORE,1,USATO,BELOTTIC4,
,,ALESATORE CUSTOM D10,D10,,ALESATORE,1,USATO,BELOTTIC4,
,ILIX,ALESATORE D11.93,D11.93,DIN 8093,ALESATORE,1,USATO,BELOTTIC4,
,OMAL ,SMUSSATORE D31/90,D31,40H008,SMUSSATORE,1,USATO,BELOTTIC4,
,,ALESATORE CUSTOM D17,D17,,ALESATORE,1,USATO,BELOTTIC4,
,DORMER,ALESATORE D10 H7,D10,,ALESATORE,1,USATO,BELOTTIC4,
,,MASCHIO M8,M8,T200 EG M8 HSSE,MASCHIO,3,USATO,BELOTTIC5,
,BURZONI,MASCHIO M8 H6 ,M8,T100 M6 6H HSSE,MASCHIO,1,USATO,BELOTTIC5,
,HOFFMAN,MASCHIO M8 X 1 ,M8, 137 150 HSS/E,MASCHIO,1,USATO,BELOTTIC5,
,RAFF,OSG MASCHIO M7 6HX,M7,48139158,MASCHIO,2,USATO,BELOTTIC5,
,BURZONI,MASCHIO M7 6H HSSE,M7,T300R M7 6H HSSE,MASCHIO,2,USATO,BELOTTIC5,
,RAFF,OSG MASCHIO MJ6 IOS1/4-4H,1/4,48006155 5485,MASCHIO,1,USATO,BELOTTIC5,
,RAFF,OSG MASCHIO M6 ,M6,48044155 0664,MASCHIO,2,USATO,BELOTTIC5,
,BURZONI,MASCHIO M6 6H HSSE,M6,T200 M6 6H HSSE,MASCHIO,1,USATO,BELOTTIC5,
,BURZONI,MASCHIO EG M6 HSSE,M6,T200 EG M6 HSSE,MASCHIO,2,USATO,BELOTTIC5,
,BURZONI,"MASCHIO M6.5 X 0,75 HSSE",M6.5,T320 M6.5X0.75 HSSE,MASCHIO,1,USATO,BELOTTIC5,
,BURZONI,MASCHIO M6 6H HSSE,M6,T700 M6 6H HSSE,MASCHIO,1,USATO,BELOTTIC5,
,,MASCIO x HELICOIL 10/32 UNF, 10/32,910/17,MASCHIO,1,USATO,BELOTTIC5,
,BURZONI,MASCHIO M5 6H HSSE,M5,T200 M5 6H HSSE,MASCHIO,1,USATO,BELOTTIC5,
,DORMER,MASCHIO M5 6H HSSE,M5,,MASCHIO,1,USATO,BELOTTIC5,
,CERATIZIT,OSG MASCHIO 10-32 UNF 20X HSSE,10/32,48139467,MASCHIO,1,USATO,BELOTTIC5,
,BURZONI,MASCHIO EG M4 HSSE,M4,T200 EG M4 HSSE,MASCHIO,4,USATO,BELOTTIC5,
,FIMU,MASCHIO M4 6H PM HSSE,M4,15940016,MASCHIO,1,USATO,BELOTTIC5,
,RECOIL,MASCHIO 10-32 UNF H1,10/32,44605,MASCHIO,1,USATO,BELOTTIC5,
,GUHRING,MASCHIO M4 6HX PM HSSE,M4,67239,MASCHIO,1,USATO,BELOTTIC5,
,DORMER,MASCHIO M14X1.5 6H,M14,,MASCHIO,1,USATO,BELOTTIC5,
,FIMU,GUHRING MASCHIO M14 ISO2/6H LH,M14,,MASCHIO,1,USATO,BELOTTIC5,
,DORMER,MASCHIO M14 ISO2/6H ,M14,,MASCHIO,1,USATO,BELOTTIC5,
,RAFF,OSG MASCHIO M14X1.5 6HX HSSE,M14,48139192,MASCHIO,1,USATO,BELOTTIC5,
,RAFF,GUHRING MASCHIO M12X1.5 6H HSSE,M12,,MASCHIO,1,USATO,BELOTTIC5,
,BURZONI,MASCHIO M12X1.5 6HX VT5,M12,T121H M12X1.5 6HX VT5,MASCHIO,2,USATO,BELOTTIC5,
,RAFF,GUHRING MASCHIO M12 6H HSSE,M12,,MASCHIO,1,USATO,BELOTTIC5,
,BURZONI,MASCHIO M12 6H HSSE,M12,T200 M12 6H HSSE,MASCHIO,1,USATO,BELOTTIC5,
,EMUGE,MASCHIO M10 ISO2/6H HSSE,M10,,MASCHIO,1,USATO,BELOTTIC5,
,RAFF,GUHRING M12 PM HSSE ,M12,,MASCHIO,1,USATO,BELOTTIC5,
,TUNGALOY,MASCHIO M12X1.5 6H HSSE VAPORIZZATO,M12,T220 M12X1.5 6H HSSE,MASCHIO,1,USATO,BELOTTIC5,
,BURZONI,MASCHIO M10 6H HSSE,M10,T200 M10 6H HSSE,MASCHIO,3,USATO,BELOTTIC5,
,EMUGE,MASCHIO M10 ISO2/6H HSSE,M10,,MASCHIO,1,USATO,BELOTTIC5,
,RAFF,OSG MASCHIO M10 6HX HSSE,M10,48139169,MASCHIO,2,USATO,BELOTTIC5,
,RAFF,OSG MASCHIO 1/2-13 UNF HSSE, 1/2,75248950,MASCHIO,1,USATO,BELOTTIC5,
,BURZONI,MASCHIO M12 EG HSSE,M12,,MASCHIO,1,USATO,BELOTTIC5,
,,MASCHIO 5/16 X 18 NC, 5/16,,MASCHIO,1,USATO,BELOTTIC5,
,BURZONI,MASCHIO EG 5/16-24 EG HSSE, 5/16,,MASCHIO,1,USATO,BELOTTIC5,
,FIMU,GUHRING MASCHIO M8 6HX PM HSSE,M8,,MASCHIO,1,USATO,BELOTTIC5,
,EMUGE,MASCHIO 5/16 UNF , 5/16,800130,MASCHIO,2,USATO,BELOTTIC5,
,RAFF,OSG MASCHIO 5/16-24 UNF3B, 5/16,48018476,MASCHIO,1,USATO,BELOTTIC5,
,BURZONI,MASCHIO M20X1 6H HSSE,M20,T220 M20X1 6H HSSE,MASCHIO,1,USATO,BELOTTIC5,
,RAFF,OSG MASCHIO M14X1.5 6HX HSSE,M14,48139192,MASCHIO,1,USATO,BELOTTIC5,
,FIMU,GUHRING MASCHIO 1/2-13 UNF ,1/2,14821888,MASCHIO,1,USATO,BELOTTIC5,
,BURZONI,MASCHIO M20 KP60,M20,T300R M20 KP60,MASCHIO,1,USATO,BELOTTIC5,
,BURZONI,MASCHIO EG M5 HSSE,M5,T200 EG M5 HSSE,MASCHIO,1,USATO,BELOTTIC5,
,DORMER,MASCHIO M5 6H HSS,M5,7320760384848,MASCHIO,1,USATO,BELOTTIC5,
,BURZONI,MASCHIO M8 6HX VT5 ,M8,T310 M8 6HX VT5,MASCHIO,3,USATO,BELOTTIC5,
,BURZONI,MASCHIO M8 6H HSSE,M8,T200 M8 6H HSSE,MASCHIO,2,USATO,BELOTTIC5,
,RAFF,GUHRING M8 6HX HSSE,M8,,MASCHIO,1,USATO,BELOTTIC5,
,RAFF,GUHRING MJ8X1.25 4HX,M8,16033147,MASCHIO,1,USATO,BELOTTIC5,
,BURZONI,MASCHIO M8 6H HSSE,M8,T700 M8 6H HSSE,MASCHIO,1,USATO,BELOTTIC5,
,BURZONI,MASCHIO *ROTTO* 15/32 60°, 15/32,,MASCHIO,1,USATO,BELOTTIC5,
,BURZONI,MASCHIO M10 KP20,M10,T200 M10 KP20,MASCHIO,1,USATO,BELOTTIC5,
,BURZONI,MASCIO EG M10 KP20,M10,T200 EG M10 KP20,MASCHIO,1,USATO,BELOTTIC5,
,BURZONI,MASCHIO EG M5 HSSE,M5,T200 EG M5 HSSE,MASCHIO,1,USATO,BELOTTIC5,
,VARTEX,MASCHIO M5 X0.8 ,M5,,MASCHIO,1,USATO,BELOTTIC5,
,BURZONI,MASCHIO M6 6H HSSE,M6,T700 M6 6H HSSE,MASCHIO,1,USATO,BELOTTIC5,
,,MASCHIO M10,M10,1010C27.0ISO,MASCHIO,1,USATO,BELOTTIC5,
,TECHNO,MASCHIO M10 ISO-N P.2 00M,M10,TT 10200000003,MASCHIO,1,USATO,BELOTTIC5,
,,MASCHIO DA PROVONDITA M6,M6,,MASCHIO,1,USATO,BELOTTIC5,
,EMUGE,MASCHIO M8X1.5XD,M8,,MASCHIO,2,USATO,BELOTTIC5,
,,MASCHIO M7.5 P.16 60°,M7.5,,MASCHIO,2,USATO,BELOTTIC5,
,BURZONI,MASCHIO M8,M8,F100 080 125 C MDI,MASCHIO,1,USATO,BELOTTIC5,
,BURZONI,MASCHIO M8,M8,F100 080 150 C MDI,MASCHIO,1,USATO,BELOTTIC5,
,BURZONI,MASCHIO M8,M8,F140 080 130 C MDI,MASCHIO,1,USATO,BELOTTIC5,
,BURZONI,MASCHIO M6,M6,F100 060 100C,MASCHIO,1,USATO,BELOTTIC5,
,TECHNO,MASCHIO M6 ISO-N P.1.25 M,M6,TT06125000002,MASCHIO,1,USATO,BELOTTIC5,
,BURZONI,MASCHIO M6 MDI,M6,F100 060 125 C MDI,MASCHIO,1,USATO,BELOTTIC5,
,,MASCHIO M3.7,M3.7,,MASCHIO,2,USATO,BELOTTIC5,
,BURZONI,MASCHIO M6 ,M6,F100 060 100 C KP60,MASCHIO,1,USATO,BELOTTIC5,
,BURZONI,MASCHIO M6,M6,FM100 M6 KP60,MASCHIO,1,USATO,BELOTTIC5,
,BURZONI,MASCHIO M8,M8,FT140 080 130 C KP60,MASCHIO,1,USATO,BELOTTIC5,
,KOMET,ALESATORE D9 H7,D9,DIN.8093,ALESATORE,1,USATO,BELOTTIC5,
,RAFF,OSG MASCHIO 1/4-28 UNF, 1/4,48139472,MASCHIO,1,USATO,BELOTTIC5,
,,MASCHIO M2.35 P.0.5 60°,M2.35,,MASCHIO,1,USATO,BELOTTIC5,
,,FRESA PIATTA D50,D50,,FRESA,1,USATO,BELOTTIC7,
,BETA,MASCHIO M 3/8, 3/8,,MASCHIO,2,USATO,BELOTTIC7,
,TKN,FRESA PIATTA MDI D9.4,D9.4,2985,FRESA,4,RIAFFILATA,BELOTTIC7,
,BURZONI,FRESA PIATTA D10,D10,TMDG 41100 MDI,FRESA,2,RIAFFILATA,BELOTTIC7,
,GWGW,FRESA PIATTA MDI D10,D10,36100360,FRESA,1,RIAFFILATA,BELOTTIC7,
,BURZONI,FRESA PIATTA D8,D8,TMDG 41080 MDI,FRESA,2,RIAFFILATA,BELOTTIC7,
,BURZONI,FRESA PIATTA D9,D9,YMDG 31090 MDI,FRESA,1,RIAFFILATA,BELOTTIC7,
,TKN,FRESA PIATTA D8,D8,2985,FRESA,1,RIAFFILATA,BELOTTIC7,
,FIMU,GUHRING FRESA PIATTA D6-13 R - N ,D6,,FRESA,5,RIAFFILATA,BELOTTIC7,
,TKN,FRESA PIATTA D7 K/P,D7,,FRESA,1,RIAFFILATA,BELOTTIC7,
,TKN,FRESA PIATTA D6 K/P,D6,,FRESA,1,RIAFFILATA,BELOTTIC7,
,,FRESA SFERICA D4,D4,,FRESA,1,USATO,BELOTTIC7,
,BURZONI,FRESA PIATTA D5 ,D5,TMDG 41050 MDI,FRESA,2,RIAFFILATA,BELOTTIC7,
,TKN,FRESA PIATTA D5 ,D5,,FRESA,1,RIAFFILATA,BELOTTIC7,
,,FRESA PIATTA D20,D20,,FRESA,1,USATO,BELOTTIC7,
,FIMU,GUHRING FRESA PIATTA D12 ,D12,,FRESA,6,RIAFFILATA,BELOTTIC7,
,RIME,FRESA PIATTA D12 MKS ,D12,,FRESA,1,RIAFFILATA,BELOTTIC7,
,HOFFMAN,HOLEX FRESA PIATTA D12,D12,,FRESA,1,RIAFFILATA,BELOTTIC7,
,BURZONI,FRESA PIATTA D12 MDI,D12,TMDG 41120 MDI,FRESA,6,RIAFFILATA,BELOTTIC7,
,TKN,FRESA PIATTA D12 K,D12,,FRESA,1,RIAFFILATA,BELOTTIC7,
,TKN,FRESA PIATTA D12 KP,D12,,FRESA,1,RIAFFILATA,BELOTTIC7,
,RIME,FRESA SFERICA D3 R1.5 MKS,D3,,FRESA,1,USATO,BELOTTIC7,
,,FRESA SFERICA D2 R1,D2,,FRESA,1,USATO,FRESA METALLI1,
,,FRESA SFERICA D2 R1,D2,,FRESA,1,USATO,BELOTTIC7,
,,FRESA SFERICA D3 R1.5,D3,,FRESA,1,USATO,BELOTTIC7,
,,FRESA PIATTA D18.5,D18.5,,FRESA,1,USATO,BELOTTIC7,
,,FRESA DA TAGLIO D40X2,D40,,FRESA,1,USATO,BELOTTIC7,
,,FRESA PIATTA D20,D20,,FRESA,1,RIAFFILATA,BELOTTIC7,
,,FRESA PIATTA D16,D16,,FRESA,1,USATO,BELOTTIC7,
,,FRESA PIATTA D18,D18,,FRESA,1,USATO,BELOTTIC7,
,,FRESA SFERICA D10 R5,D10,,FRESA,1,USATO,BELOTTIC7,
,CERATIZIT,WNT FRESA SFERICA D6 R3,D6,,FRESA,1,USATO,BELOTTIC7,
,BURZONI,FRESA SFERICA D8 R4,D8,SN 080 L MDI,FRESA,4,USATO,BELOTTIC7,
,,FRESA SFERICA D8 R4,D8,,FRESA,1,RIAFFILATA,BELOTTIC7,
,HANITA,FRESA SFERICA D8 R4 Q/F,D8,,FRESA,1,RIAFFILATA,BELOTTIC7,
,,FRESA A INSERTI D12,D12,,FRESA,1,USATO,BELOTTIC7,
,UOP,FRESA SFERICA D12 R1.5 X85,D12,,FRESA,1,USATO,BELOTTIC7,
,,PUNTA MDI D5.4,D5.4,,PUNTA,1,USATO,BELOTTIC7,
,,PUNTA MDI D13,D13,,PUNTA,1,USATO,BELOTTIC7,
,CASAPPA,PUNTA MDI D16.6,D16.6,,PUNTA,1,USATO,BELOTTIC7,
,,FRESA A INSERTI D20,D20,,FRESA,1,USATO,BELOTTIC7,
,,FRESA SFERICA D19.5 R9.75,D19.5,,FRESA,1,USATO,BELOTTIC7,
,,FRESA SFERICA D20 R10,D20,,FRESA,1,USATO,BELOTTIC7,
,,FRESA SFERICA D18 R9,D18,,FRESA,2,USATO,BELOTTIC7,
,,FRESA PIATTA A INSERTI D54,D54,,FRESA,1,USATO,BELOTTIC7,
,,FRESA PIATTA D20,D20,,FRESA,1,USATO,BELOTTIC7,
,,FRESA SFERICA D2O R10,D20,,FRESA,1,USATO,BELOTTIC7,
,,FRESA PIATTA D19,D19,,FRESA,1,RIAFFILATA,BELOTTIC7,
,RIME,FRESA PIATTA D12 MKS ,D12,,FRESA,1,USATO,BELOTTIC8,
,,FRESA PIATTA D10,D10,,FRESA,1,USATO,BELOTTIC8,
,RIME,FRESA PIATTA D1.5X8,D1.5,"HM84/15,05",FRESA,1,NUOVO,BELOTTIC8,
,RIME,FRESA PIATTA D6 MKS,D6,138860,FRESA,1,USATO,BELOTTIC8,
,BURZONI,FRESA PIATTA D6 KP60,D6,"T43 D6,0 KP60",FRESA,1,USATO,BELOTTIC8,
,CERATIZIT,WNT FRESA PIATTA D10,D10,93398732,FRESA,2,USATO,BELOTTIC8,
,BURZONI,FRESA PIATTA D12 MDI,D12,RUN 120 MDI,FRESA,1,USATO,BELOTTIC8,
,BURZONI,FRESA PIATTA D10,D10,TMDG 41100 MDI,FRESA,2,USATO,BELOTTIC8,
,BURZONI,FRESA PIATTA D12,D12,TMDG 41120 MDI,FRESA,9,USATO,BELOTTIC8,
,BURZONI,FRESA PIATTA D10,D10,ALU3 W 100 L R02 MDI,FRESA,1,USATO,BELOTTIC8,
,RAFF,FRESA SPECIALE RAFF NUDA,,,FRESA,1,USATO,BELOTTIC8,
,RAFF,KARNASCH D8 L2 NON RIVESTITE,D8,29 1753 812,FRESA,1,USATO,BELOTTIC8,
,RIME,FRESA SFERICA D8 R1 MKS,D8,HM73 8 R1 MKS 1728,FRESA,1,USATO,BELOTTIC8,
,CERATIZIT,WNT FRESA SFERICA D8 R2,D8,93718634,FRESA,1,USATO,BELOTTIC8,
,CERATIZIT,WNT FRESA PIATTA D6,D6,53 524 060,FRESA,1,USATO,BELOTTIC8,
,TKN,FRESA PIATTA D6 K/P,D6,,FRESA,1,USATO,BELOTTIC8,
,TUNGALOY,FRESA PIATTA D6 R3,D6,,FRESA,1,USATO,BELOTTIC8,
,CERATIZIT,"KARNASCH D6 L2(X3 L30, X1 L50)",D6,29 1751 204,FRESA,2,USATO,BELOTTIC8,
,CERATIZIT,KARNASCH D6 L2 NON RIVESTITE,D6,29 1753 202,FRESA,1,USATO,BELOTTIC8,
BRCL00976C,FIMU,SECO FRESA DIAMANTA D8 R0.2,D8,624053 538,FRESA,0,NUOVO,DIAMANTATE 1,
BRCL01484,FIMU,MASCHIO M16 6HX,M16,23543240,MASCHIO,2,NUOVO,MASCHI,
,HOFFMAN,TUBO PER LUBROREFRIGERANTE PER MANDRINO,,309880_63,TUBI LUBRIFICANTE,10,NUOVO,MARCO,
,RAFF,FRESA SPECIALE PANNELLI,D16,02985-FAT,FRESA,1,USATO,PUNTE1.6 PANNELLI,
,HOFFMAN,GARANT FRESA METALLO DURO D3,D3,,FRESA,2,NUOVO,FRESA METALLI1,
,RAFF,TRACCIATORE TOMOSURI,D6,02985 40°,TRACCIATORE,1,NUOVO,PUNTE1.6 PANNELLI,
,HOFFMAN,SPPW PUNTA CRESTA DI GALLO D10.5,D10.5,731 180 1050HC,PUNTA,1,NUOVO,PUNTE3,
,,FRESA CARBONIO D8X25 63G8,D8,6V410825667500000000,FRESA,1,NUOVO,BELOTTIC8,
,RAFF,KARNASH FRESA DIAMANTATA D6 L2 ,D6,29 1763 406,FRESA,1,USATO,BELOTTIC8,
,BURZONI,FRESA PIATTA MDI D4,D4,TMDG 41040 MDI,FRESA,1,USATO,BELOTTIC8,
,BURZONI,FRESA PIATTA MDI D4,D4,RUN 040 MDI,FRESA,1,USATO,BELOTTIC8,
,,FRESA PIATTA MDI D3X7,D3,H4033217,FRESA,1,USATO,BELOTTIC8,
,BURZONI,FRESA PIATTA MDI D3,D3,TMDG 31030 MDI,FRESA,1,USATO,BELOTTIC8,
,BURZONI,FRESA PIATTA MDI D2,D2,LTG 020 030 MDI,FRESA,1,USATO,BELOTTIC8,
,BURZONI,FRESA PIATTA MDI D1.2,D1.2,TMB214 0120 MDI,FRESA,1,USATO,BELOTTIC8,
,BURZONI,PUNTA MDI D9 HSSE,D9,T43 0900 HSSE KP60,PUNTA,1,USATO,BELOTTIC8,
,BURZONI,PUNTA MDI D8.5 HSSE,D8.5,T43 0850 HSSE,PUNTA,1,USATO,BELOTTIC8,
,BURZONI,PUNTA MDI D6.5 HSSE,D6.5,T43 0650 HSSE,PUNTA,1,USATO,BELOTTIC8,
,CERIN,PUNTA PLASTICA D6,D6,,PUNTA,1,USATO,BELOTTIC8,
,,PUNTA PLASTICA D6,D6,,PUNTA,1,USATO,BELOTTIC8,
,,PUNTA PLASTICA D6,D6,,PUNTA,1,USATO,BELOTTIC8,
,BURZONI,PUNTA MDI D5.2,D5.2,TD850 GP 0520 MDI,PUNTA,1,USATO,BELOTTIC8,
,BURZONI,PUNTA MDI D5.2 KP60,D5.2,T43 D5.2 KP60,PUNTA,1,USATO,BELOTTIC8,
,BURZONI,PUNTA MDI D5 HSSE,D5,T43 0500 HSSE,PUNTA,1,USATO,BELOTTIC8,
,BURZONI,PUNTA MDI D4.4 ,D4.4,TD850 GP 0440 MDI,PUNTA,1,USATO,BELOTTIC8,
,,PUNTA MDI D4.1,D4.1,,PUNTA,4,USATO,BELOTTIC8,
,BURZONI,PUNTA MDI D3.3,D3.3,TD850 GP 0330 MDI,PUNTA,2,USATO,BELOTTIC8,
,RIME,PUNTA MDI D3,D3,HM9SP/03,PUNTA,1,USATO,BELOTTIC8,
,BURZONI,SVASATORE D12.4,D12.4,T S90 1240 KP60,SVASATORE,2,USATO,BELOTTIC8,
,BURZONI,FRESA PIATTA MDI D16,D16,TMDG 41160 MDI,FRESA,1,USATO,BELOTTIC8,
,RAFF,KARNASH FRESA PIATTA MDI D16,D16,"29,1753 3052391482",FRESA,1,USATO,BELOTTIC8,
,OMAL,SVASATORE D18.8 X 82°,D18.8,,SVASATORE,1,USATO,BELOTTIC8,
,,FRESA PIATTA x CARBONIO D8,D8,XN.080.025.080XT,FRESA,1,NUOVO,BELOTTIC8,
,CERATIZIT,WNT  PUNTA MDI D6.8,D6.8,11 703 06800,PUNTA,1,USATO,EXTREMA1,
,,PUNTA D5.5,D5.5,,PUNTA,1,USATO,EXTREMA1,
,,PUNTA D5,D5,,PUNTA,1,USATO,EXTREMA1,
,BURZONI,PUNTA MDI D6.1 ,D6.1,TD850 0610 MDI,PUNTA,1,USATO,EXTREMA1,
,,PUNTA MDI D6.8,D6.8,,PUNTA,1,USATO,EXTREMA1,
,HOFFMAN,PUNTA MDI D5.5,D5.5,,PUNTA,1,USATO,EXTREMA1,
,,PUNTA NON RIVESTITA D9,D9,,PUNTA,1,USATO,EXTREMA1,
,,PUNTA NON RIVESTITA D12,D12,,PUNTA,1,USATO,EXTREMA1,
,,PUNTA HSS D8.5,D8.5,,PUNTA,1,USATO,EXTREMA1,
,BURZONI,PUNTA MDI D6,D6,TD650 0600 MDI,PUNTA,1,USATO,EXTREMA1,
BRCL000400000408,CERATIZIT,WNT PUNTA MDI D7 ,D7,10734076,PUNTA,1,USATO,EXTREMA1,
,,PUNTA HSS D12.5,D12.5,,PUNTA,1,USATO,EXTREMA1,
,BURZONI,PUNTA HSSE D12,D12,T43 1200 HSSE,PUNTA,2,USATO,EXTREMA1,
,,SVASATORE D20 X 82,D20,,SVASATORE,2,USATO,EXTREMA1,
,BURZONI,PUNTA MDI D4.2,D4.2,TD850 GP 0420 MDI,PUNTA,6,USATO,EXTREMA1,
,BURZONI,PUNTA MDI D 5.5,D5.5,TD850 GP 0550 MDI,PUNTA,2,USATO,EXTREMA1,
,BURZONI,PUNTA MDI D6,D6,TD850 GP 0600 MDI,PUNTA,1,USATO,EXTREMA1,
,,PUNTA MDI D 5.4,D5.4,,PUNTA,4,USATO,EXTREMA1,
,TRED,PUNTA MDI D5,D5,,PUNTA,1,USATO,EXTREMA1,
,UOP,PUNTA MDI D5.5,D5.5,,PUNTA,1,USATO,EXTREMA1,
,BURZONI,PUNTA MDI D5.2,D5.2,TD850 GP 0520 MDI,PUNTA,1,USATO,EXTREMA1,
,BURZONI,PUNTA MDI D4,D4,TD 850 GP 0400 MDI,PUNTA,1,USATO,EXTREMA1,
,CERATIZIT,WNT PUNTA MDI D4.2,D4.2,11 702 04200,PUNTA,1,USATO,EXTREMA1,
,TUNGLOY,PUNTA MDI D4.2,D4.2,TD850 0420 MDI,PUNTA,1,USATO,EXTREMA1,
,CERATIZIT,WNT PUNTA MDI D4.35,D4.35,10731843,PUNTA,1,USATO,EXTREMA1,
,,PUNTA MDI D6.1 ,D6.1,DH404061,PUNTA,1,USATO,EXTREMA1,
,BURZONI,PUNTA MDI D9.1,D9.1,TD850 GP 0910 MDI,PUNTA,1,USATO,EXTREMA1,
,BURZONI,PUNTA MDI D8,D8,TD850 GP 0800 MDI,PUNTA,0,USATO,EXTREMA1,
,BURZONI,PUNTA MDI D7.8,D7.8,TD850 GP 0780 MDI,PUNTA,1,USATO,EXTREMA1,
,CERATIZIT,WNT PUNTA MDI D8.5,D8.5,11 702 08500,PUNTA,1,USATO,EXTREMA1,
,CERATIZIT,WNT PUNTA MDI D8,D8,11 704 080000,PUNTA,1,USATO,EXTREMA1,
,,PUNTA MDI D8.4,D8.4,DH404084,PUNTA,1,USATO,EXTREMA1,
,,PUNTA MDI D8.45,D8.45,,PUNTA,1,USATO,EXTREMA1,
,,PUNTA MDI D8,D8,,PUNTA,1,USATO,EXTREMA1,
,,PUNTA MDI D7.6,D7.6,,PUNTA,1,USATO,EXTREMA1,
,TUNGALOY,PUNTA MDI D7.1,D7.1,TD 850 0710,PUNTA,2,USATO,EXTREMA1,
,BURZONI,PUNTA MDI D8.5 HSSE,D8.5,T43 0850 HSSE,PUNTA,1,USATO,EXTREMA1,
,,PUNTA MDI D7.5,D7.5,B966A07500 KC7315,PUNTA,1,USATO,EXTREMA1,
,,PUNTA MDI D7.1,D7.1,B966A07100 KC7315,PUNTA,1,USATO,EXTREMA1,
,TRED,PUNTA MDI D7.8,D7.8,,PUNTA,1,USATO,EXTREMA1,
,TUNGALOY,PUNTA MDI D7.6,D7.6,TD850 0760 MDI,PUNTA,1,USATO,EXTREMA1,
,,PUNTA MDI D9.8,D9.8,,PUNTA,1,USATO,EXTREMA1,
,BURZONI,PUNTA MDI D6,D6,TD850 GP 0600 MDI,PUNTA,2,USATO,EXTREMA1,
,BURZONI,PUNTA MDI D6.3,D6.3,TD850 GP 0630 MDI,PUNTA,3,USATO,EXTREMA1,
,BURZONI,PUNTA MDI D6.3,D6.3,TD880 GP 0630 MDI,PUNTA,1,USATO,EXTREMA1,
,BURZONI,PUNTA MDI D6.5   ,D6.5,TD850 GP 0650 MDI,PUNTA,1,USATO,EXTREMA1,
,BURZONI,PUNTA MDI D6.8,D6.8,TD850 GP 0680 MDI,PUNTA,2,USATO,EXTREMA1,
,CERATIZIT,WNT PUNTA MDI D6.2,D6.2,11 702 06200,PUNTA,1,USATO,EXTREMA1,
,TUNGALOY,PUNTA MDI D6,D6,TD850 0600 MDI,PUNTA,1,USATO,EXTREMA1,
,TUNGALOY,PUNTA MDI D6.5,D6.5,TD850 0650 MDI,PUNTA,1,USATO,EXTREMA1,
,CERATIZIT,WNT PUNTA MDI D6.8,D6.8,11 703 06800,PUNTA,0,USATO,EXTREMA1,
,CERATIZIT,WNT PUNTA MDI D6.3,D6.3,11 704 06300,PUNTA,1,USATO,EXTREMA1,
,TRED,PUNTA MDI D7.1,D7.1,,PUNTA,1,USATO,EXTREMA1,
,,PUNTA MDI D7.5,D7.5,B966A07500,PUNTA,1,USATO,EXTREMA1,
,TUNGALOY,PUNTA MDI D7.1,D7.1,TD650 0710 MDI,PUNTA,1,USATO,EXTREMA1,
,TUNGALOY,PUNTA MDI D7.6,D7.6,TD850 0760 MDI,PUNTA,1,USATO,EXTREMA1,
,TRED,PUNTA MDI D7.8,D7.8,9150 7.8 K/P ,PUNTA,1,USATO,EXTREMA1,
,TUNGALOY,PUNTA MDI D7.1,D7.1,TD850 0710 MDI,PUNTA,1,USATO,EXTREMA1,
,,PUNTA MDI D7.10,D7.1,B966A07100,PUNTA,1,USATO,EXTREMA1,
,,PUNTA MDI D9.8,D9.8,DH451098,PUNTA,1,USATO,EXTREMA1,
,BURZONI,PUNTA MDI D8.5 HSSE,D8.5,T43 0850 HSSE,PUNTA,1,USATO,EXTREMA1,
,BURZONI,PUNTA MDI D8,D8,TD850 0800 MDI,PUNTA,1,USATO,EXTREMA1,
,,PUNTA MDI D8.5,D8.5,B966A8500,PUNTA,1,USATO,EXTREMA1,
,BURZONI,PUNTA MDI D7.8,D7.8,TD850 GP 0780 MDI,PUNTA,1,USATO,EXTREMA1,
,BURZONI,PUNTA MDI D9.1,D9.1,TD850 GP 0910 MDI,PUNTA,1,USATO,EXTREMA1,
,,PUNTA MDI D7.6,D7.6,B966A07600,PUNTA,1,USATO,EXTREMA1,
,,PUNTA MDI D8.4,D8.4,DH404084,PUNTA,1,USATO,EXTREMA1,
,,PUNTA MDI D8,D8,,PUNTA,1,USATO,EXTREMA1,
,CERATIZIT,WNT PUNTA MDI D8,D8,11 704 08000,PUNTA,1,USATO,EXTREMA1,
,CERATIZIT,WNT PUNTA MDI D8.5,D8.5,11 702 08500,PUNTA,1,USATO,EXTREMA1,
,BURZONI,PUNTA MDI D10.8,D10.8,TD850 GP 1080,PUNTA,2,USATO,EXTREMA1,
,BURZONI,PUNTA MDI D10.5,D10.5,TD850 GP 1050,PUNTA,2,USATO,EXTREMA1,
,BURZONI,PUNTA HSSE D8.5,D8.5,T55 0850 ,PUNTA,1,USATO,EXTREMA1,
,BURZONI,PUNTA MD D10,D10,TD8100 GP 1000,PUNTA ,1,USATO,EXTREMA1,
,BURZONI,PUNTA MDI D8.5,D8.5,TD850 GP 0850,PUNTA,1,USATO,EXTREMA1,
,BURZONI,PUNTA  MDI D6,D6,TD850 GP 0600,PUNTA ,1,USATO,EXTREMA1,
,BURZONI,PUNTA MDI D10,D10,TD850 1000,PUNTA,1,USATO,EXTREMA1,
,TUNGALOY,PUNTA MDI D9.2,D9.2,TD650 0920,PUNTA,1,USATO,EXTREMA1,
,TUNGALOY,PUNTA MDI D12.5,D12.5,TD650 1250,PUNTA,1,USATO,EXTREMA1,
,BURZONI,PUNTA MDI D7.8,D7.8,TD850 GP 0780 KR60,PUNTA,1,USATO,EXTREMA1,
,BURZONI,PUNTA MDI D10.2,D10.2,TD650 GP 1250 MDI,PUNTA,1,USATO,EXTREMA1,
,BURZONI,PUNTA MDI D10,D10,TD8100 GP 1000 MDI,PUNTA,1,USATO,EXTREMA1,
,,PUNTA MDI D7.2,D7.2,,PUNTA,1,USATO,EXTREMA1,
,RAFF,KARNASH D6.6 L2,D6.6,"29,0120 506",PUNTA,1,USATO,EXTREMA1,
,TRED,PUNTA MDI D7,D7,9150 7.0 K/P ,PUNTA,1,USATO,EXTREMA1,
,,PUNTA MDI D14.5,D14.5,B966A14500 KC7315,PUNTA,1,USATO,EXTREMA1,
,RAFF,KARNASH CRESTA DI GALLO D5.8,D5.8,29.0080 808,FRESA,2,USATO,EXTREMA1,
,,PUNTA MDI D14.5,D14.5,B966A14500 KC7315,PUNTA,1,USATO,EXTREMA1,
,BURZONI,PUNTA MDI D12.5,D12.5,TD850 GP 1250,PUNTA,3,USATO,EXTREMA1,
,RAFF,KARNASCH PUNTA DIAMANTATA D7.1,D7.1,2111993038,PUNTA,1,USATO,EXTREMA1,
,HOFFMAN,GARANT PUNTA MDI D5,D5,92296082,PUNTA,1,USATO,EXTREMA1,
,RAFF,KARNASCH CRESTA DI GALLO DIAMANTATA D6,D6,29 0080 011,CRESTA DI GALLO,1,USATO,EXTREMA1,
,RAFF,KARNASCH CRESTA DI GALLO NON RIVESTITA D6,D6,29 0080 603,CRESTA DI GALLO,1,USATO,EXTREMA1,
,RAFF,KARNASCH CRESTA DI GALLO NON RIVESTITA D5.8,D5.8,29 0080 609,CRESTA DI GALLO,0,USATO,EXTREMA1,
,RAFF,KARNASCH CRESTA DI GALLO NON RIVESTITA D3,D3,29 0080 603,CRESTA DI GALLO,1,USATO,EXTREMA1,
,RAFF,KARNASCH CRESTA DI GALLO DIAMANTATA D4.5,D4.5,29 0080 509,CRESTA DI GALLO,1,USATO,EXTREMA1,
,RAFF,KARNASCH CRESTA DI GALLO DIAMANTATA D4.3,D4.3,29 0120 610,CRESTA DI GALLO,1,USATO,EXTREMA1,
,RAFF,KARNASCH CRESTA DI GALLO NON RIVESTITA D4.2,D4.2,29 0080 705,CRESTA DI GALLO,1,USATO,EXTREMA1,
,RAFF,KARNASCH PUNTA DIAMANTATA D8.7 ,D8.7,20 8220 6047,PUNTA,1,USATO,EXTREMA1,
,RAFF,KARNASCH PUNTA DIAMANTATA D9.1,D9.1,29 0120 209220636,PUNTA,1,USATO,EXTREMA1,
,CERIN,CRESTA DI GALLO D12,D12,,CRESTA DI GALLO,0,USATO,EXTREMA1,
,RAFF,GARANT PUNTA MDI D2.7,D2.7,,PUNTA,1,USATO,EXTREMA1,
,BURZONI,SVASATORE HSSE D12,D12,T960 1200 HSSE,SVASATORE,1,USATO,EXTREMA2,
,BURZONI,SVASATORE HSSE D10,D10,T960 1000 HSSE,SVASATORE,1,USATO,EXTREMA2,
,,PUNTA D8 90°,D8,,PUNTA,1,USATO,EXTREMA2,
,BURZONI,FRESA  HSS D31,D31,TS90 3000 HSS,FRESA,1,USATO,EXTREMA2,
,,FRESA  HSS D31,D30,,FRESA,1,USATO,EXTREMA2,
,RAFF,ALESATORE D10 H7,D10,2985,ALESATORE,1,USATO,EXTREMA2,
,BURZONI,FRESA HSS D9.4,D9.4,BC HSS 9.4mm,FRESA,1,USATO,EXTREMA2,
,RAFF,OSG WONDER BARENO AD0-5D,,,BARENO,1,USATO,EXTREMA2,
,RIME,SVASATORE D16 90° MKS,D16,HM35,SVASATORE,1,USATO,EXTREMA2,
,GUHRING,SVASATORE D16,D16,,SVASATORE,1,USATO,EXTREMA2,
,POLLEDRI,FRESA PIATTA AD INSERTI D20,D20,,FRESA,1,USATO,EXTREMA2,
,UOP,ALESATORE D8 X85,D8,,ALESATORE,1,USATO,EXTREMA2,
,OMAL,SVASATORE D20.5 90° K20,D20.5,,SVASATORE,1,USATO,EXTREMA2,
,,SVASATORE D20.5 82° ,D20.5,,SVASATORE,1,USATO,EXTREMA2,
,,SVASATORE DIAMANTATO D20.3,D20.3,,SVASATORE,1,USATO,EXTREMA2,
,RAFF,TRACCIATORE D8 40° ,D8,02985-BUL-40°-D8 M O S,TRACCIATORE,1,USATO,EXTREMA2,
,BURZONI,FRESA PIATTA A INSERTI D20.7,D20.7,,FRESA,1,USATO,EXTREMA2,
,,FRESA PIATTA A INSERTI D13.2,D13.2,,FRESA,1,USATO,EXTREMA2,
,,FRESA A INSERTI D18.5,D18.5,,FRESA,1,USATO,EXTREMA2,
BRCL000400000441,POLLEDRI,FRESA A INSERTI D18,D18,Cod. 90.02.180,FRESA,1,USATO,EXTREMA2,
BRCL000400000442,POLLEDRI,FRESA A INSERTI D24,D24,Cod. 90.02.240,FRESA,1,USATO,EXTREMA2,
,BURZONI,FRESA PIATTA D22,D22,,FRESA,1,USATO,EXTREMA2,
,,FRESA PIATTA A INSERTI D19.5,D19.5,,FRESA,1,USATO,EXTREMA2,
,RAFF,SVASATORE D16 90° ,D16,PCN16-90,SVASATORE,1,USATO,EXTREMA2,
BRCL000400000468,OMAL,ALESATORE D10.5 H7 HSS,D10.5,701010,ALESATORE,2,USATO,EXTREMA2,
,GUHRING,ALESATORE D14,D14,K411101400,ALESATORE,1,USATO,EXTREMA2,
,OMAL,ALESATORE D12.5 H7 HM K20,D12.5,74D125,ALESATORE,2,USATO,EXTREMA2,
,RAFF,SVASATORE D16 100%,D16,,SVASATORE,1,USATO,EXTREMA2,
,OMAL,ALESATORE D6.35 HM K20,D6.35,,ALESATORE,1,USATO,EXTREMA2,
,OMAL,ALESATORE D10 H7,D10,740010,ALESATORE,1,USATO,EXTREMA2,
,UOP,ALESATORE D10 X85,D10,32105,ALESATORE,1,USATO,EXTREMA2,
,KOMET,ALESATORE D6 H7 K10,D6,40 410 060,ALESATORE,2,USATO,EXTREMA2,
,RAFF,ALESATORE D8 H7,D8,,ALESATORE,1,USATO,EXTREMA2,
,RAFF,ALESATORE D8,D8,,ALESATORE,1,USATO,EXTREMA2,
,,ALESATORE D8,D8,,ALESATORE,1,USATO,EXTREMA2,
,UOP,ALESATORE D6 X85,D6,,ALESATORE,1,USATO,EXTREMA2,
,UOP,ALESATORE D10 X85,D10,32105,ALESATORE,1,USATO,EXTREMA2,
,RAFF,ALESATORE D10,D10,,ALESATORE,1,USATO,EXTREMA2,
,RAFF,ALESATORE D12,D12,,ALESATORE,1,USATO,EXTREMA2,
,KOMET,ALESATORE D11 H7 HSS,D11,40 100 110 45/23,ALESATORE,1,USATO,EXTREMA2,
,UOP,ALESATORE D11 X85,D11,32105,ALESATORE,1,USATO,EXTREMA2,
BRCL000400000469,OMAL,ALESATORE D12.5 H7 HSS,D12.5,701012,ALESATORE,2,USATO,EXTREMA2,
,RAFF,ALESATORE D12.22,D12.22,,ALESATORE,2,USATO,EXTREMA2,
,ILIX,ALESATORE D12.7 HSS,D12.7,6326C,ALESATORE,1,USATO,EXTREMA2,
,LAU,ALESATORE DIAMANTATO D13 H7,D13,,ALESATORE,1,USATO,EXTREMA2,
,,ALESATORE DIAMANTATO D13,D13,,ALESATORE,0,USATO,EXTREMA2,
,RAFF,ALESATORE D12.7,D12.7,,ALESATORE,1,USATO,EXTREMA2,
,GUHRING,ALESATORE D20 H7 HSS,D20,K211102000,ALESATORE,1,USATO,EXTREMA2,
BRCL000202200101,GUHRING,MASCHIOEG M6 H6 ,D6,21536098,MASCHIO,1,USATO,EXTREMA3,
,BURZONI,MASCHIO M6 6H HSS,D6,T200 M6 6H HSSE,MASCHIO,1,USATO,EXTREMA3,
,BURZONI,MASCHIO EG M6 HSSE,D6,T200 EG M6 HSSE,MASCHIO,1,USATO,EXTREMA3,
,BURZONI,MASCHIO M6 6H HSSE,D6,T200 M6 6H HSSE,MASCHIO,1,USATO,EXTREMA3,
,BURZONI,MASCHIO M6 6H HSSE,D6,T305R M6 6H HSSE,MASCHIO,1,USATO,EXTREMA3,
,TUNGALOY,MASCHIO M6X0.5  6H HSSE,D6,T120 M6X0.5,MASCHIO,2,USATO,EXTREMA3,
,BURZONI,MASCHIO EG UNF 10/32 HSS,10/32,150064/6,MASCHIO,1,USATO,EXTREMA3,
,RAFF,OSG MASCHIO M12 6HX HSSE,D12,48145179,MASCHIO,1,USATO,EXTREMA3,
,GUHRING,MASCHIO EG M8 6H HSSE,D8,16311092,MASCHIO,1,USATO,EXTREMA3,
,TUNGALOY,MASCHIO M10 6H HSSE,D10,T200 M10 6H HSSE,MASCHIO,1,USATO,EXTREMA3,
,BURZONI,MASCHIO M10 6H HSSE,D10,T700 M10 6H HSSE,MASCHIO,1,USATO,EXTREMA3,
,RAFF,OSG MASCHIO M10X1.25 6HX HSSE,D10,48145172,MASCHIO,1,USATO,EXTREMA3,
,GUHRING,MASCHIO M8 6HX PM HSSE,D8,,MASCHIO,1,USATO,EXTREMA3,
,RAFF,OSG MASCHIO M12 USO2/6H HSSE,D12,48044179,MASCHIO,1,USATO,EXTREMA3,
,BURZONI,MASCHIO M8 6H HSSE,D8,T200 M8 6H HSSE,MASCHIO,1,USATO,EXTREMA3,
,RAFF,OSG MASCHIO M14 6HX HSSE,D14,48139191,MASCHIO,1,USATO,EXTREMA3,
,TUNGALOY,MASCHIO M12 6HX VT5,D12,T101H M12 6HX VT5,MASCHIO,1,USATO,EXTREMA3,
,RAFF,OSG MASCHIO M12 6HX HSSE,D12,48139179,MASCHIO,1,USATO,EXTREMA3,
,BURZONI,MASCHIO M12 6H HSSE,D12,T200 M12 6H HSSE,MASCHIO,1,USATO,EXTREMA3,
,BURZONI,MASCHIO EG M8 HSSE,D8,T200 M8 EG HSSE,MASCHIO,1,USATO,EXTREMA3,
,RAFF,OSG MASCHIO M20X1.5 6H,D20,61229060,MASCHIO,1,USATO,EXTREMA3,
,FIMU,SECO MASCHIO M18X1 ISO6H HSSE,D18,6785820354 095/401,MASCHIO,1,USATO,EXTREMA3,
,RAFF,OSG MASCHIO M12X1.25 6HX B,D12,48145181,MASCHIO,1,USATO,EXTREMA3,
BRCL000400000089,FIMU,SECO MASCHIO M27X3 ISO6H BC V033,D27,8754451376 009/624,MASCHIO,1,USATO,EXTREMA3,
,BURZONI,MASCHIO M14X1.5 6HX VT5,D14,T321H M14X1.5 6HX VT5,MASCHIO,1,USATO,EXTREMA3,
,RAFF,OSG MASCHIO M14X1.5 6HX HSSE,D14,48139192,MASCHIO,1,USATO,EXTREMA3,
,BURZONI,MASCHIO M22X1 HSSE,D22,T220 M22X1 HSSE,MASCHIO,1,USATO,EXTREMA3,
,RAFF,KARNASCH CRESTA DI GALLO D8.5 ,D8.5,"29,0080 809",PUNTA,0,NUOVO,PUNTE3,
,RAFF,KARNASCH PUNTA DIAMANTATA D6.5 L3,D6.5,"29,0120,901",PUNTA,1,NUOVO,PUNTE3,
,,PUNTA D11,D11,,PUNTA,1,USATO,BELOTTIC3,
,CERATIZIT,WNT PUNTA DIAMANTATA D13,D13,10 787 130,PUNTA,1,USATO,BELOTTIC3,
,BASS,MASCHIO M27 ISO2/6H HSSE,D27,46 51/80,MASCHIO,1,USATO, EXTREMA3,
,BURZONI,MASCHIO AMERICANO 1/4 ISO5969 HSSE, 1/4,T330R G 1/4 HSSE,MASCHIO,1,USATO,EXTREMA3,
,,MASCHIO M30X1.5,D30,,MASCHIO,1,USATO,EXTREMA3,
,RAFF,OSG MASCHIO AMERICANO 5/16-24UNF2BX, 5/16,48145476,MASCHIO,1,USATO,EXTREMA3,
,EMUGE,MASCHIO AMERICANO 1/4 HSSE, 1/4,,MASCHIO,1,USATO,EXTREMA3,
BRCL000400000256,CERATIZIT,WNT MASCHIO AMERICANO UNC 5/16, 5/16,23 172 031,MASCHIO,2,NUOVO,EXTREMA3,
,VARTEX,MASCHIO M2.2,D2.2,,MASCHIO,1,USATO,EXTREMA3,
,BURZONI,MASCHIO M5 KP60,D5,FM100 M5 KP60,MASCHIO,1,USATO,EXTREMA3,
,RAFF,KARNASCH MASCHIO M4,D4,232005 04 070 25,MASCHIO,1,USATO,EXTREMA3,
,,MASCHIO M4 ,D4,,MASCHIO,1,USATO,EXTREMA3,
,BURZONI,MASCHIO M6 MDI,M6,F100 060 100 C,MASCHIO,2,USATO,EXTREMA3,
,SANDVIK,SPACCAMASCHI M6,D6,HC 6 H10 F,SPACCAMASCHIO,1,USATO,EXTREMA3,
,BURZONI,MASCHIO M8 KP60,D8,F100 080 175 C KP60,MASCHIO,1,USATO,EXTREMA3,
,,MASCHIO M13,D13,,MASCHIO,2,USATO,EXTREMA3,
,GUHRING,PUNTA A INSERTI D18,D18,,PUNTA,1,USATO, EXTREMA3,
,BURZONI,FRESA PIATTA D4 MDI,D4,TMDG 41040 MDI,FRESA,1,USATO,EXTREMA4,
,CERATIZIT,WNT FRESA PIATTA D3 MDI,D3,94070906,FRESA,2,USATO,EXTREMA4,
,CERATIZIT,WNT FRESA PIATTA D2.5 MDI,D2.5,93732210,FRESA,1,USATO,EXTREMA4,
,,FRESA PIATTA MDI D2.5,D2.5,,FRESA,2,USATO,EXTREMA4,
,RIME,FRESA PIATTA HM16 D2.5,D2.5,170565,FRESA,2,USATO,EXTREMA4,
,LTEC,FRESA PIATTA D2,D2,,FRESA,1,USATO,EXTREMA4,
,BURZONI,FRESA PIATTA D2,D2,ALU3 020 R01 MDI,FRESA,1,USATO,EXTREMA4,
,RIME,FRESA PIATTA D1 HM7,D1,172355,FRESA,1,USATO,BELOTTIC2,
BRCL000400000069,HOFFMAN,GARANT FRESA PIATTA MDI D8,D8,,FRESA,1,USATO,EXTREMA4,
,CERATIZIT,WNT FRESA D6 MDI SPECIALE,D6,53 58 06302,FRESA,1,NUOVO,EXTREMA4,
,BURZONI,FRESA PIATTA MDI D5,D5,TMDG 41050 MDI,FRESA,3,USATO,EXTREMA4,
,RIME,FRESA PIATTA MDI D5 MKS,D5,,FRESA,1,USATO,EXTREMA4,
,CERATIZIT,WNT FRESA PIATTA D12,D12,54 070 12400,FRESA,2,USATO,EXTREMA4,
,BURZONI,FRESA PIATTA MDI D12,D12,RUN 117 MDI,FRESA,2,USATO,EXTREMA4,
,RIME,FRESA PIATTA SPECIALE D12,D12,182811,FRESA,1,USATO,EXTREMA4,
,CERATIZIT,WNT FRESA SFERICA D8 R4,D8,53 608 08100,FRESA,1,USATO,EXTREMA4,
,HOFFMAN,GARANT FRESA SFERICA MDI D2.5 R0.2,D2.5,10250210E,FRESA,1,USATO,EXTREMA4,
,TESI,PUNTALINO DI RICAMBIO TASTATORE,,983.31.00,TASTATORE,1,NUOVO,EXTREMA4,
,RAFF,KARNASCH FRESA PIATTA DIAMANTATA D6,D6,29 703 507,FRESA,2,USATO,EXTREMA4,
,HANITA,FRESA SFERICA D4 R2,D4,,FRESA,1,USATO,EXTREMA4,
,RIME,FRESA SFERICA HM6 D6 R3,D6,182602,FRESA,1,USATO,EXTREMA4,
,RAFF,FRESA SFERICA D8 R1.5,D8,,FRESA,1,USATO,EXTREMA4,
,RAFF,FRESA SFERICA D8 R0.2,D8,,FRESA,3,USATO,EXTREMA4,
,BURZONI,FRESA SFERICA MDI D7.7 R 0.3,D7.7,RUN 077 MDI,FRESA,1,USATO,EXTREMA4,
,BURZONI,FRESA SFERICA MDI D6 R0.2,D6,RUN 060 MDI,FRESA,1,USATO,EXTREMA4,
,BURZONI,FRESA SFERICA MDI D6 R0.2,D6,ALU3 060 R02,FRESA,3,USATO,EXTREMA4,
,CERATIZIT,WNT FRESA SFERICA D10 R3,D1O,53 711 10230,FRESA,1,USATO,EXTREMA4,
,CERATIZIT,WNT FRESA PIATTA MDI D10,D10,53 523 100,FRESA,1,USATO,EXTREMA4,
,HOFFMAN,GARANT FRESA PIATTA MDI D10,D10,9711663,FRESA,1,USATO,EXTREMA4,
,BURZONI,FRESA PIATTA MDI D10,D10,RUN 100 MDI,FRESA,1,USATO,EXTREMA4,
,CERATIZIT,WNT FRESA D8 R1,D8,53 710 08210,FRESA,1,USATO,EXTREMA4,
,,FRESA PIATTA D10,D10,,FRESA,1,USATO,EXTREMA4,
,CERATIZIT,WNT  FRESA PIATTA MDI D10,D10,FA 4005872,FRESA,1,USATO,EXTREMA4,
,BURZONI,FRESA SFERICA D10 R0.4,D10,ALU 3 100 R04 MDI,FRESA,1,USATO,EXTREMA4,
,HOFFMAN,GARANT FRESA PIATTA MDI D10,D10,94240837,FRESA,1,USATO,EXTREMA4,
,CERATIZIT,WNT FRESA PIATTA D10,D10,52 615 4007150,FRESA,1,USATO,EXTREMA4,
,BURZONI,FRESA PIATTA MDI D2 ,D2,LTG 020 030 MDI,FRESA,1,USATO,EXTREMA4,
,CERATIZIT,WNT FRESA D8 R1,D8,53 710 08210,FRESA,3,USATO,EXTREMA4,
,HOFFMAN,GARANT FRESA PIATTA MDI D8,D8,94762347,FRESA,1,USATO,EXTREMA4,
,CERATIZIT,WNT FRESA PIATTA MDI D7,D7,53 613 07400,FRESA,1,USATO,EXTREMA4,
,,FRESA SFERICA D7.7 R1,D7.7,,FRESA,1,USATO,EXTREMA4,
,UOP,FRESA PIATTA D7.5,D7.5,797ALUR020801,FRESA,1,USATO,EXTREMA4,
,RIME,  FRESA PIATTA D2X15,D2,HM84/20.15 D2X15,FRESA,1,USATO,EXTREMA4,
,RAFF,KARNASCH FRESA PIATTA DIAMANTATA D16,D16,29 1761 501,FRESA,1,USATO,DIAMANTATE 1,
,RAFF,FRESA PIATTA NUDA D5,D5,FWN3050-HD,FRESA,1,NUOVO,FRESA METALLI1,
,RIME,FRESA MDI D1.5X8,D1.5,HM84/15.08,FRESA,1,NUOVO,FRESA METALLI2,
,HANITA,FRESA PIATTA D12,D12,160514005WW,FRESA,1,USATO,FRESA METALLI1,
,CERIN,FRESA D3.9,D3.9,,FRESA,1,USATO,FRESA METALLI2,
BRCL01141C,JONGEN,INSERTI FRESA JMS02,,JMS02-98RR04-XC35,INSERTI,10,NUOVO,INSERTI FRESA,
BRCL01111C,JONGEN,INSERTI FRESA JMS02,,JMS02-98LR04-XC35,INSERTI,10,NUOVO,INSERTI FRESA,
,SECO,INSERTI FRESA H15,,5885939 321,INSERTI,3,NUOVO,INSERTI FRESA,
BRCL00195C,HOFFMAN,GARANT FRESA LUCIDA MDI D6,D6,202272 6,FRESA,4,NUOVO,FRESA METALLI1,
,GUHRING,MASCHIO EG HSS-E M5 H6,D5,16287835,MASCHIO,1,NUOVO,MASCHI EG,
,RAFF,FRESA ALLUMINIO D12 R1,D12,,,,USATO,FRESA METALLI1,
,,,,,,,,,
,RAFF,FRESA SFERICA LUNGA D6,D6,FW-R4060,FRESA,0,NUOVO,RIAFFILATE1,
,RAFF,FRESA SFERICA NUDA LUNGA D6,D6,,FRESA,1,USATO,RIAFFILATE1,
,RAFF,FRESA SFERICA NUDA LUNGA D8,D8,FWR2080,FRESA,3,USATO,RIAFFILATE1,
,,FRESA PIATTA DIAMANTATA RIAFFILATA D8,D8,,FRESA,1,RIAFFILATA,DIAMANTATE 1,
BRCL01504C,CERATIZIT,WNT FRESA TOROIDALE MDI D12 X 2,D12,53 595 12020,FRESA,2,NUOVO,CASS.DUCATI,
BRCL00231C,CERATIZIT,FRESA DIAMANTATA A CANDELA D3,D3,5407003200,FRESA,27,NUOVO,CASS.OPERCOLI,
BRCL01170C,HOFFMAN,GARANT FRESA DIAMANTATA SGROSSATURA D8M,D8,209548 8M,FRESA,26,NUOVO,CASS.OPERCOLI,
BRCL0260C,HOFFMAN,GARANT FRESA DIAMANTATA SGROSSATURA D4,D4,209548 4,FRESA,31,NUOVO,CASS.OPERCOLI,
BRCL01485,HOFFMAN,GARANT FRESA SFERICA DIAMANTATA D3,D3 R1.5,209781,FRESA,11,NUOVO,CASS.OPERCOLI,
BRCL0260C,HOFFMAN,GARANT FRESA DIAMANTATA D4,D4,209535,FRESA,2,NUOVO,DIAMANTATE 1,
BRCL01347C,HOFFMAN,GARANT FRESA DIAMANTATA SFERICA D10,D10,209781,FRESA,12,NUOVO,CASS.OPERCOLI,
BRCL01170C,HOFFMAN,GARANT FRESA DIAMANTATA SGROSSATURA D8M,D8,209548 8M,FRESA,9,NUOVO,CASS.OPERCOLI,
BRCL00969C,HOFFMAN,SECO FRESA SGROSSATURA D12,D12,2720261,FRESA,1,NUOVO,CASS.IR27,
,RAFF,"INSERTI FRESA XDGT120308TR-ME-C,B100",,AC231809210020,INSERTI,3,NUOVO,INSERTI FRESA,
BRCL01170C,HOFFMAN,GARANT FRESA DIAMANTATA SGROSSATURA D8M,D8,209548 8M,FRESA,13,NUOVO,CASS.IR27,
BRCL00084C,HOFFMAN,GARANT FRESA DIAMANTATA CARBONIO D4,D4,209548 4,FRESA,6,NUOVO,DIAMANTATE 1,
BRCL00637C,HOFFMAN,BIT DI PRECISIONE PER ESAGONO 1/4,,,BIT CACCIAVITE,7,NUOVO,RIAFFILATE1,
BRCL01504C,CERATIZIT,FRESA TORICA METALLO DURO D12,D12,5359512020,FRESA,1,USATO,FRESA METALLI2,
BRCL000400000398,HOFFMAN,FRESA KARNASCH DIAMANTATA D6 L2,D6 L2,,FRESA,1,USATO,DIAMANTATE 1,
,FIMU,PUNTA KENNAMETAL D9.8,D9.8,B966A09800,PUNTA,1,USATO,PUNTE2,
,HOFFMAN,PUNTE HOLEX METALLO DURO D1/4 (6.35),1/4,17842289,PUNTA,2,NUOVO,PUNTE2,
,JONGEN,FRESA DIAMANTATA D2,D2,VHB 3384 KD12 2,FRESA,1,NUOVO,DIAMANTATE 1,
BRCL01487C,HOFFMAN,SPPW PUNTA CRESTA DI GALLO D4.5,D4.5,731 180 0450HC,PUNTA,4,NUOVO,CASS.OPERCOLI,
BRCL01412C,HOFFMAN,HOLEX PROLUNGA STRUMENTI DI MISURA L10,,434920 10,PROLUNGA,10,NUOVO,CASS.DUCATI,
BRCL01413C,HOFFMAN,HOLEX PROLUNGA STRUMENTI DI MISURA L20,,434920 20,PROLUNGA,10,NUOVO,CASS.DUCATI,
BRCL01486C,HOFFMAN,SPPW PUNTA CRESTA DI GALLO D5.8,D5.8,731 180 0580HC,PUNTA,5,NUOVO,CASS.OPERCOLI,
         BRCL01511C,FIMU,MASCHIO GUHRING 2912 4.166 8-32 UNC,D8-32,2912 4.166 8-32 UNC,MASCHIO,0,NUOVO,CASS.IR27,
BRCL01288C,HOFFMAN,GARANT INSERTO PER TORNITURA CGT,,260052 HU7315 1,INSERTI,11,NUOVO,INSERTI FRESA,
BRCL01518C,HOFFMAN,MICRO FRESA ROTATIVA MASTER UAI,,546906 D0695,FRESA,2,NUOVO,FRESA METALLI1,
BRCL00191C,HOFFMAN,GARANT FRESA DIAMANTATA D4 ANELLO GIALLO,D4,202272,FRESA,2,NUOVO,CASS.IR27,
BRCL00191C,HOFFMAN,GARANT FRESA DIAMANTATA D4 ANELLO GIALLO,D4,202272,FRESA,1,NUOVO,FRESA METALLI1,
BRCL01512C,HOFFMAN,MASCHIO DC 5/16,5/16,204669,MASCHIO,0,NUOVO,CASS.IR27,
,FIMU,GHURING PUNTA CRESTA DI GALLO D5,D5,23660736,PUNTA,1,NUOVO,PUNTE3,
BRCL00576C,HOFFMAN,SECO FRESA DA SGROSSO D8 DIAMANTATA,D8 R0.2,6185274 523,FRESA,1,NUOVO,CASS.IR27,
BRCL0152C,HOFFMAN,SPPW PUNTA CRESTA DI GALLO SPECIALE D8.5,D8.5,731 180 0850 HC,PUNTA,4,NUOVO,CASS.DUCATI,
BRCL01510C,FIMU,CARMEX FRESA A FILETTARE METALLO DURO PASSO1,D6 P1,40200164,FRESA,0,NUOVO,FRESA METALLI1,
BRCL01508C,FIMU,CARMEX FRESA A FILETTARE METALLO DURO PASSO 0.8,D6 P0.8,40200259,FRESA,1,NUOVO,FRESA METALLI1,
,BURZONI,PUNTA METALLO DURO T54 0850 HSSE,D8.5,,PUNTA,1,USATO,PUNTE2,
,TUNGLOY,PUNTA METALLO DURO TD650 1150MDI,D11.5,,PUNTA,1,USATO,PUNTE2,
BRCL00981C,FIMU,FRESA DIAMANTATA D6,D6,2720258,FRESA,10,NUOVO,CASS.SPARKWING,
BRCL01508C,FIMU,CARMEX FRESA A FILETTARE D4.7,D4.7 X 0.8 ISO,24692,FRESA A FILETTARE,1,NUOVO,FRESA METALLI1,
BRCL00701C,FIMU,GUHRING MASCHIO M14 X 1.5,D14 X1.5,PM HSS-E 23154956,MASCHIO,5,NUOVO,MASCHI,
,HOFFMAN,SPPW PUNTA CRESTA DI GALLO D8,D8X37,731 180 0800HC,PUNTA,5,NUOVO,PUNTE3,
,FIMU,"HUFSCHMIED PUNTA D1=3,2 D2=4H6",D1=3.2 D2=4H6,FB1625032-S001,PUNTA,1,NUOVO,PUNTE1,
BRCL01525C,RAFF,VARGUS FRESA A FILETTARE D3.9 X0.8,D3.9 X0.8,104-00010,FRESA A FILETTARE,3,NUOVO,CASS.JANUS,
BRCL01524C,RAFF,VARGUS FRESA A FILETTARE M4,M4,104-00352,FRESA A FILETTARE,3,NUOVO,CASS.JANUS,
BRCL01529C,HOFFMAN,GARANT FRESA SFERICA HMI D2,D2,207 106-2,FRESA,5,NUOVO,DIAMANTATE 1,
BRCL01528C,HOFFMAN,GARANT FRESA SFERICA HMI D1,D1,207 106-1,FRESA,5,NUOVO,CASS.DUCATI 27,
BRCL01528C,HOFFMAN,GARANT FRESA SFERICA RIVESTITA D4,D4,207072 4,FRESA ,4,NUOVO,CASS.DUCATI 27,
BRCL01227C,HOFFMAN,GARANT FRESA DA SGROSSATURA RIVESTITA D10,D10,205275 10,FRESA,1,NUOVO,CASS.DUCATI 27,
BRCL01526C,HOFFMAN,GARANT FRESA SFERICA D8 HMI,D8,209781 8,FRESA,0,NUOVO,DIAMANTATE 1,
BRCL00192C,HOFFMAN,GARANT FRESA D10,D10,202272,FRESA,2,NUOVO,FRESA METALLI 1,
BRCL01018C,CERATIZIT,PUNTA DIAMANTATA D8.2,D8.2,11 702 08200,PUNTA,2,NUOVO,CASS.IR27,
BRCL01510C,CARMEX,CARMEX FRESA A FILETTARE D6,D6 PASSO1,MT604 C14 1.0ISO,FRESA A FILETTARE,2,NUOVO,CASS.JANUS,
BRCL01508C,CARMEX,CARMEX FRESA A FILETTARE PASSO 0.8,D6 PASSO0.8,MT604 C13 0.8ISO,FRESA A FILETTARE,2,NUOVO,CASS.JANUS,
BRCL01531C,HOFFMAN,HST FRESA DA KEVLAR D4 X14X50,D4,ZS5999-24299,FRESA,2,NUOVO,FRESA METALLI1,
BRCL01535C,HOFFMAN,GARANT FRESA DIAMANTATA D16,D16,209548 16,FRESA,14,NUOVO,CASS.SPARKWING,
BRCL01185C,HOFFMAN,PUNTE GARANT D1.6 SPARK,D1.6,114550 1.6,PUNTA,184,NUOVO,CASS.SPARKWING,
BRCL01536C,RAFF,HARTNER PUNTA LUNGA D6,D6,86509-6.000,PUNTA,1,NUOVO,CASS.ALESSANDRO,
,RAFF,KARNASCH PUNTA CRESTA DI GALLO D8,D8,,PUNTA,1,USATO,PUNTE3,
         BRCL01537C  ,HOFFMAN,GARANT MICROFRESA TOROIDALE HMI D1.5X10 R1,D1.5,209726 1.5X10,FRESA,1,NUOVO,CASS.WASS,
         BRCL01548C,HOFFMAN,YAMAWA MASCHIO M8X1.25 2.5P,M8,SP 371 ISO2,MASCHIO,5,NUOVO,MASCHI,
BRCL00980C,FIMU,GHURING FRESE D12 R05 MD ,D12 R05,K/P 23816466,FRESA,1,NUOVO,FRESA METALLI1,
BRCL01522C,MECHATRONICS,VENTOLE CAMERA CALDA PORK,24V,B1232H24B,VENTOLA,4,NUOVO,PANCIA PORK,
BRCL01557C,RAFF,SIMTEK INSERTI FRESA W45,P06.4545.02.10,P06.4545.02.10,INSERTI FRESA,10,NUOVO,CASS.ALESSANDRO,
BRCL000400000375,YG1,MASCHIO HSSE YG1 M12 X 1.25 6H SF,M12X1.25,DIN374HSS-E16625854,MASCHIO,1,USATO,MASCHIO,
BRCL01568C,CERATIZIT,PUNTA AD ELEVATE PRESTAZIONI D8.5,D8.5,1171508500,PUNTA,4,NUOVO,PUNTE2,
BRCL01569C,CERATIZIT,PUNTA AD ELEVATE PRESTAZIONI D8.8,D8.8,1171508800,PUNTA,2,NUOVO,PUNTE2,
BRCL01566C,CERATIZIT,PUNTA AD ELEVATE PRESTAZIONI D5,D5,1171505000,PUNTA,2,NUOVO,PUNTE1,
BRCL01567C,CERATIZIT,PUNTA AD ELEVATE PRESTAZIONI D6.5,D6.5,1171506500,PUNTA,2,NUOVO,PUNTE1,
BRCL01043C,RAFF,FRESA IN HMI INT D12 Z3,D12,02985-FWT3120 R1 F,FRESA,2,NUOVO,CASS.IR27,
BRCL01534C,RAFF,FRESA SPECIALE SU MISURA IN MDI,D12,02985-FAT-12SP13,FRESA,8,NUOVO,CASS.SPARKWING,
BRCL01530C,HOFFMAN,FRESA GARANT SFERICA D1,D1,207106-1,FRESA SFERICA,4,NUOVO,DIAMANTATE 1,
BRCL01239C,HOFFMAN,SPPW PUNTA CRESTA DI GALLO D5.1,D5.1,7311800511HC,PUNTA,85,NUOVO,CASS.SPARKWING,
BRCL01487C,HOFFMAN,SPPW PUNTA CRESTA DI GALLO D4.5,D4.5,731 180 0450HC,PUNTA,6,NUOVO,CASS.SPARKWING,
BRCL01265C,HOFFMAN,SPPW PUNTA CRESTA DI GALLO D8.5,D8.5,7311800850HC,PUNTA,85,NUOVO,CASS.SPARKWING,
BRCL01507C,HOFFMAN,SPPW PUNTA CRESTA DI GALLO D2.2,D2.2,7311800220HC,PUNTA,337,NUOVO,CASS.SPARKWING,
BRCL01507C,HOFFMAN,SPPW PUNTA CRESTA DI GALLO D2.2,D2.2,7311800220HC,PUNTA,3,NUOVO,PUNTE1,
BRCL01501C,HOFFMAN,SPPW PUNTA CRESTA DI GALLO D8.1,D8.1,731 180 0810HC,PUNTA,5,NUOVO,CASS.DUCATI,
BRCL01590C,RAFF,INSERTO PER FRESA A16,A16M,A16M SRGCR 08,INSERTI FRESA,1,NUOVO,,
BRCL01612C,RAFF,OSG MASCHIO M5 X 0.8 6HC,M5 X0.8,48044149,MASCHIO,1,NUOVO,MASCHI,
BRCL01607C,FIMU,GHURING MASCHIO M12 X1.25,M12X1.25,HM K/P 23293470,MASCHIO,1,NUOVO,MASCHI,
,STANLEY,LAMA CORTA PER CUTTER CLASSICO,"115X18X0,9",11-301,CUTTER,89,NUOVO,CUTTER,
,JEWEL BLADE LTD,LAMA LUNGA PER CUTTER CUSTOM,"160X18X0,9",R7624,CUTTER,29,NUOVO,CUTTER,
BRCL01418C,HOFFMAN,GARANT FRESA SPINGI TIRA D8,D8,209517 8,FRESA,66,NUOVO,CASS.SPARKWING,
BRCL01418C,HOFFMAN,GARANT FRESA SPINGI TIRA D8,D8,209517 8,FRESA,2,NUOVO,DIAMANTATE 1,
BRCL01533C,RAFF,DISCO FRESA 240,D240,VD240SE,DISCO,3,NUOVO,CASS.SPARKWING,
BRCL01616C,RAFF,INSERTO TONDO RHHT1605MOFN-P IN05S INSERTI,RHHT1605MOFN,5866591,INSERTI FRESA,20,NUOVO,INSERTI FRESA,
BRCL01197C,FIMU,KENNAMETAL INSERTI FRESA SFERICI D20,D20,KDMB20M0ERLD,INSERTI FRESA,6,NUOVO,INSERTI FRESA,
BRCL01622C,METECH,"LANG Quick•Point® 96, Perni di serraggio",,BP0000186,PERNO DI FISSAGGIO,19,NUOVO,MOBILE LANG,
BRCL01592C,RAFF,HZ FRESA SPECIALE KEVLAR EUROMALE,D6,161060060,FRESA KEVLAR,3,NUOVO,DIAMANTATE 1,
BRCL01242C,CERATIZIT,PUNTA AD ELEVATE PRESTAZIONI D5  CARBONIO,D5,1170205000,PUNTA,3,NUOVO,CASS.IR27,
,KOMET,KOMET ALESATORE D6,D6,40410060,ALESATORE,2,USATO,ALESATORI,
BRCL000400000052,FIMU ,GHURING MASCHIO M12 6HX,M12,"2909 12,000 DIN 376",MASCHIO ,2,NUOVO,MASCHI,
BRCL01621C,HZ,HZ FRESA NUDA  D8 ,D8,065AHOXL080,FRESA ,0,NUOVO,FRESA METALLI1,
BRCL01239C,,PUNTA CRESTA DI GALLO D5.1,D5.1,120010,PUNTA,1,NUOVO,PUNTE3,
BRCL01589C,RAFF,Inserto per tornitura in diamante  RCGW 0803,,CVD DP20230-0002,INSERTI FRESA,14,NUOVO,CASS.DUCATI,
BRCL01292C,HOFFMAN,GARANT FRESA TOROIDALE HMI D10 R1.5,D10 R1.5,206071 10/1.5,FRESA,9,NUOVO,CASS.DUCATI,
BRCL01288C,HOFFMAN,INSERTO PER TORNITURA CCT,,2060052 HU7315-1,INSERTI FRESA,39,NUOVO,CASS.DUCATI,
BRCL00463C,CERATIZIT,PUNTA AD ELEVATE PRESTAZIONI D6.8 5XD,D6.8,1170206800,PUNTA,19,NUOVO,CASS.DUCATI,
BRCL00564C,FIMU,SECO FRESA DIAMANTATA JARBO D16,D16,880160R020Z4,FRESA,17,NUOVO,CASS.IR27,
BRCL00200C,FIMU,MASCHIO GUHRING M6 6HX,M6 6HX,2909 6.000 DIN 371,MASCHIO ,20,NUOVO,CASS.DUCATI,
BRCL00576C,FIMU,SECO FRESA DA SGROSSO D8 DIAMANTATA,D8 R0.2,880080R020Z4.0,FRESA,1,NUOVO,CASS.DUCATI,
BRCL01417C,FIMU,GUHRING MASCHIO M10X1.25,M10X1.25,"2921-10,006DIN371",MASCHIO ,29,NUOVO,CASS.DUCATI,
BRCL01430C,HOFFMAN,GARANT FRESA SGROSSATURA SLOTMACHINE D8,D8 R0.2,205275 8,FRESA,4,NUOVO,CASS.DUCATI,
BRCL01636C,RAFF,FRESA SFERICA ROACHEL Z4 MAYURA D12,D12,,FRESA,1,NUOVO,FRESA METALLI2,
BRCL01635C,RAFF,FRESA SFERICA ROACHEL Z4 MAYURA D10,D10,,FRESA,2,NUOVO,FRESA METALLI2,
BRCL01059C,RAFF,RIME FRESA SFERICA D8,D8 R4,HM63/05 D8 R4,FRESA,1,NUOVO,CASS.DUCATI,
BRCL01618C,RAFF,PUNTA MAYURA SU MISURA D5.7,D5.7,,PUNTA,2,NUOVO,CASS KREATOR TORRE,
BRCL01645C,CERATIZIT,FRESA METALLI D10 R3,D10 R3,53711 10130 10R3,FRESA,4,NUOVO,CASS.DUCATI,
BRCL00687C,FIMU,GUHRING MASCHI M8 TITANIO,M8,2909 8000 DIN371,MASCHIO ,13,NUOVO,CASS.DUCATI,
BRCL00184C,CERATIZIT,FRESA SFERICA METALLI D8,D8 R4,5360808200,FRESA,10,NUOVO,CASS.DUCATI,
BRCL00384C,CERATIZIT,PUNTA AD ALTE PRESTAZIONI DD5,D5.7,10787050,PUNTA,7,NUOVO,CASS.DUCATI,
BRCL01163C,RAFF,SMUSSATORE HM D10 LT80,D10LT80,STD90 D10,SMUSSATORE,4,NUOVO,CASS.DUCATI,
BRCL01534C,RAFF,FRESA A T D12 Z3,D12,0285 FAT 12SP13,FRESA,2,NUOVO,CASS.DUCATI,
BRCL01572C,COROMANT ,INSERTO PER TORNITURA COROMANT,,RCGX 0803 M0 AL H10,INSERTI FRESA,7,NUOVO,CASS.DUCATI,
BRCL01655C,CERATIZIT,PUNTA AD ELEVATE PRESTAZIONI D4.2 5XD,D4.2,11 702 04200,PUNTA,3,NUOVO,CASS.IR27,
BRCL01654C,HOFFMAN,GARANT FRESA D10 METALLO DURO LUNGA,D10,202284 10,FRESA,1,NUOVO,FRESA METALLI1,
BRCL00054C,JONGEN,INSERTI RIVESTITI - JMB16-85R03-KD16,,JMB16 85R03 KD16,INSERTI FRESA,10,NUOVO,CASS.IR27,
BRCL00191C,HOFFMAN,GARANT FRESE COLLARINO GIALLO D4,D4,202272 4,FRESA,3,NUOVO,CASS.IR27,
BRCL01170C,HOFFMAN,GARANT FRESA DIAMANTATA SGROSSATURA D8M,D8,409548,FRESA,13,NUOVO,CASS.OPERCOLI,
,,FRESA PER CARBONIO D3 ,D4,394RO03R,FRESA,1,NUOVO,FRESA METALLI1,
,,FRESA PER CARBONIO D6 L2=16,D6,394RO06R-GR,FRESA,1,NUOVO,FRESA METALLI1,
BRCL0260C,HOFFMAN,GARANT FRESA DIAMANTATA D4,D4,209535 4,FRESA,1,NUOVO,DIAMANTATE 1,
BRCL01525C,RAFF,VARGUS FRESA A FILETTARE M5,M5,104-00352,FRESA A FILETTARE,3,NUOVO,CASS.JANUS,
,RAFF,KARNASCH PUNTA D4.5 L18,D4.5,,PUNTA,3,USATO,CASS.SPARKWING,
BRCL00084C,HOFFMAN,GARANT FRESA DIAMANTATA CARBONIO D4,D4,209548 4,FRESA,15,NUOVO,CASS.OPERCOLI (CHIAVI),
,RAFF,KARNASCH PUNTA D2.5 X14,D2.3,,PUNTA,1,NUOVO,PUNTE3,
BRCL01418C,HOFFMAN,FRESA GARANT (SPINGI-TIRA) DIAMANTATA D8,D8,29517 8,FRESA,1,USATO,DIAMANTATE 1,
BRCL01292C,HOFFMAN,GARANT FRESA TOROIDALE HMI DLC D10X1.5,D10,"206071 10/1,5",FRESA,1,USATO,FRESA METALLI1,
BRCL01295C,HOFFMAN,FRESA SFERICA D6 Z4 MAYURA,D6,2985,FRESA,1,NUOVO,FRESA METALLI2,
,HOFFMAN,SPPW PUNTA CRESTA DI GALLO D5 NO CARBONIO,D5,7311810500,PUNTA,2,NUOVO,PUNTE1,
BRCL000400000592,FIMU,GUHRING MASCHIO M6 X0.75,M6 X 0.75,"2903 6,004 DIN 371",MASCHIO ,1,NUOVO,MASCHI,
,HOFFMAN,SPPW FRESA SFERICA D10.5,D10.5,731 180 1050HC,FRESA,1,NUOVO,FRESA METALLI2,
BRCL00976C,FIMU ,SECO FRESA DIAMANTATA D8 R0.2,D8 R0.2,6240535 538,FRESA ,4,NUOVO,DIAMANTATE 1,
BRCL00981C,FIMU ,SECO FRESA DIAMANTATA D6 R0.2,D6 R0.2,6274832549,FRESA ,5,NUOVO,DIAMANTATE 1,
BRCL01356C,HOFFMAN,FRESA TOROIDALE D10 106225 10/05,D10,206255 10/0.5,FRESA ,2,NUOVO,CASS.IR27,
,HOFFMAN,HOLEX MASCHIO D12X1.5,D12X1.5,6726303671,MASCHIO,2,NUOVO ,MASCHI,
BRCL000400000194,HOFFMAN,WRK PUNTA D4.5,D4.5,A1104.5,PUNTA,4,NUOVO ,PUNTE1,
BRCL000400000201,HOFFMAN,WRK PUNTA D10 HSS DIN 338,D10,A111010,PUNTA,1,NUOVO,PUNTE1,
BRCL000400000205,HOFFMAN,WRK PUNTA D14 HSS DIN 338,D14,A111014,PUNTA,1,NUOVO,PUNTE1,
BRCL000400000200,HOFFMAN,WRK PUNTA D6.5 HSS DIN 338,D6.5,,PUNTA,1,NUOVO,PUNTE2,
,HOFFMAN,HOLEX PUNTA D3.2,D3.2,1140003.2,PUNTA,8,NUOVO,PUNTE1,
BRCL000400000196,HOFFMAN,WRK PUNTA D5.5,D5.5,A1105.5,PUNTA,4,NUOVO,PUNTE1,
BRCL000400000190,HOFFMAN,HOLEX PUNTA D3.3 HSS,D3.3,327742,PUNTA,8,NUOVO,PUNTE1,
,HOFFMAN,HOLEX PUNTA D1,D1,1140001,PUNTA,13,NUOVO,PUNTE1,
BRCL000400000195,HOFFMAN,WRK PUNTA D5.00 HSS,D5,A11105,PUNTA,6,NUOVO,PUNTE1,
,HOFFMAN,HOLEX MASCHIO D20 X 1.5,D20 X1.5,130500 20X1.5,MASCHIO,2,USATO,MASCHI,
,HOFFMAN,HOLEX MASCHIO D8 X 1,D8X1,120500 8X1,MASCHIO,2,NUOVO,MASCHI,
BRCL000400000191,HOFFMAN,WRK PUNTE D3.5,D3.5,A1103.5,PUNTA,1,NUOVO,PUNTE1,
,HOFFMAN,HOLEX PUNTA D3.2,D3.2,,PUNTA,10,NUOVO,PUNTE1,
BRCL000400000189,HOFFMAN,WRK PUNTA D3.00,D3,11103,PUNTA,3,NUOVO,PUNTE1,
,CERATIZIT,WNT FRESA PER POLIMERI D6,D6,50 946 060,FRESA,3,NUOVO,FRESE METALLI 1,
BRCL01569C,CERATIZIT,PUNTA SPECIALE CARBONIO D8.8,D8.8,11 715 08800 ,PUNTA,9,NUOVO,CASS.DUCATI,
BRCL01075C,RAFF,                     OSG PUNTE METALLO DURO D3.2,D3.2,8684320,PUNTA,4,NUOVO,NIMBUS,
BRCL00985C,FIMU,GUHRING PUNTA MD D5.1,D5.1,5768-5.100,PUNTA,1,NUOVO,CASS. NIMBUS,
BRCL01437C,RAFF,YG PUNTA D14.1X16X83Z133,D14,DH408141,PUNTA,4,NUOVO,CASS.IR27,
BRCL00085C,HOFFMAN,GARANT FRESA DIAMANTATA D6,D6,209548 6,FRESA,4,NUOVO,DIAMANTATE 1,
BRCL00086C,HOFFMAN,GARANT FRESA DIAMANTATA D8,D8,209548 8,FRESA,3,NUOVO,DIAMANTATE1,
BRCL01695C,FIMU,FRESA A FILETTARE CAMEX C27 13,,MTS 10092 C27 13,FRESA A FILETTARE,1,NUOVO,CASS.IR27,
,,FRESA KARNASCH RIAFFILATA D8,D8,,FRESA,2,RIAFFILATA,DIAMANTATE1,
,,FRESA KARNASCH D8,D8,,FRESA,2,NUOVO,DIAMANTATE1,
,,FRESA KARNASCH RIAFFILATA D6,D6,,FRESA,2,RIAFFILATA,DIAMANTATE 1,
BRCL00729C,F.I.M.U S.R.L,LAMA BSF-M-B-1D-8.0 IN MD RIVESTITO,,BSF-M-B-1D-8.0,INSERTI FRESA,5,NUOVO,CASS.IR27,
BRCL01531C,HOFFMAN,HST fresa speciale kevlar D4 X14X50,,119p.040041450,FRESA,2,NUOVO,carmine,
,FIMU,INSERTI PER FRESA D80 ,,SNHQ110202ER4-E05,INSERTI FRESA,16,NUOVO,INSERTI FRESA,
,,FRESA A GRATTUGIA DIAMANTATA D6X35,D6,,FRESA,6,NUOVO,DIAMANTATE 1,
,,PUNTA CON INSERTO IN DIAMANTE MONOCRISTALLINO,D12,,PUNTA,1,USATO,PUNTE2,
,,PUNTA CON INSERTO IN DIAMANTE MONOCRISTALLINO,D8.5,,PUNTA,1,USATO,PUNTE1,
,,CERIN FRESA DIAMANTATA (STILE KARNASCH)D8,D8.5,,FRESA,1,NUOVO,DIAMANTATE1,
BRCL00976C,FIMU ,SECO FRESA DIAMANTATA D8 R0.2,D8 R0.2,6240535 538,FRESA ,2,USATO,DIAMANTATE 1,
,FIMU ,SECO FRESA DIAMANTATA D8 R0.2(SPINGI),D8 R0.2,,FRESA ,2,USATO,DIAMANTATE1,
BRCL01685C,FIMU ,FRESA DC SPECIALE FORA E FILETTA D1/2 13,1/2 13,ZBGF6065VS UNC 1/2 13,FRESA,1,NUOVO,CASS.IR27,
BRCL01512C,FIMU ,MASCHIO 5/16 -24 3B,5/16 24 3B,Q360VS-3 EG UNF5/16,MASCHIO,2,NUOVO,CASS.IR27,
,CERATIZIT,WNT FRESA METALLO DURO D5 LUNGA,D5,53 711 05410,FRESA,1,USATO,FRESE METALLI 1,
,CERATIZIT,"WNT FRESA METALLO DURO D3,5 LUNGA","D3,5",53 617 03900,FRESA,1,USATO,FRESE METALLI 1,
,FIMU ,FRESA M4 WHR,D4,,FRESA,1,RIAFFILATA,NIMBUS,
,BURZONI,PUNTA TD850GP 1250 KR60,D12.5,,PUNTA,1,NUOVO,PUNTE1,
,CERATIZIT,PUNTA D10.5 FORATA ALTE PRESTAZIONI,D10.5,11 702 10000,PUNTA,1,NUOVO,PUNTE1,
,CERATIZIT,PUNTA D4.3 METALLO DURO,D4.3,,PUNTA,1,NUOVO,PUNTE1,
,BURZONI,PUNTA TD850GP 0780 KR60,D7.8,,PUNTA,1,NUOVO,PUNTE1,
,,CERIN PUNTA CRESTA DI GALLO NUDA D12,D12,,PUNTA,1,USATO,PUNTE2,
,,ALESATORE D20,D20,,ALESATORE,1,USATO,ALESATORI,
,,PUNTA D20 METALLO DURO,D20,,PUNTA,1,USATO,PUNTE2,
,,SVASATORE A INSERTI TRIANGOLARI 90°,,,SVASATORE,1,USATO,SVASATORI,
,,ALESATORE METALLO DURO D11,D11,,ALESATORI,1,USATO,ALESATORI,
BRCL01683C,FIMU,SECO FRESA DIAMANTATA SPINGI D6,D6,JC885060D2R02,FRESA,4,NUOVO,NIMBUS,
BRCL00981C,FIMU,SECO FRESA DIAMANTATA TIRA D6,D6,880060R020Z4.0,FRESA,4,NUOVO,NIMBUS,
BRCL01681C,FIMU,SECO FRESA DIAMANTATA TIRA D4,D4,880040R020Z4.0,FRESA,4,NUOVO,NIMBUS,
BRCL01682C,FIMU,SECO FRESA DIAMANTATA SPINGI D4,D4,JC885040D2R020.0Z4,FRESA,4,NUOVO,NIMBUS,
BRCL00944C,FIMU ,SECO INSERTI FRESA XOEX10T331FR-E05 H15,,XOEX10T331FR-E05,INSERTI FRESA,20,NUOVO,DUCATI,
BRCL00976C,FIMU,SECO FRESA DIAMANTATA SPINGI D8,D8,JC885080D2R020.0Z4,FRESA,3,NUOVO,NIMBUS,
BRCL00985C,FIMU,GUHRING PUNTA MD D5.1,D5.1,"5768 5,100",PUNTA,2,NUOVO,,
BRCL01418C,HOFFMAN,GARANT FRESA SPINGI TIRA D8,D8,209517 8,FRESA,2,USATO,DIAMANTATE 1,